gfx,cu_num,M,N,K,q_dtype_w,kernelId,splitK,us,kernelName,tflops,bw,errRatio
gfx908,120,1,256,5120,torch.int8,0,3,31.231,ck_splitk_tuned,0.08,42.15,Null
gfx908,120,2,256,5120,torch.int8,0,3,31.453,ck_splitk_tuned,0.17,42.03,Null
gfx908,120,4,256,5120,torch.int8,0,3,31.714,ck_splitk_tuned,0.33,42.04,Null
gfx908,120,8,256,5120,torch.int8,0,3,32.258,ck_splitk_tuned,0.65,42.03,Null
gfx908,120,16,256,5120,torch.int8,0,3,33.264,ck_splitk_tuned,1.26,42.11,Null
gfx908,120,32,256,5120,torch.int8,0,3,36.179,ck_splitk_tuned,2.32,41.21,Null
gfx908,120,48,256,5120,torch.int8,0,3,43.23,ck_splitk_tuned,2.91,36.57,Null
gfx908,120,64,256,5120,torch.int8,0,4,100.499,ck_splitk_tuned,1.67,16.63,Null
gfx908,120,80,256,5120,torch.int8,0,4,103.219,ck_splitk_tuned,2.03,17.06,Null
gfx908,120,96,256,5120,torch.int8,0,4,104.445,ck_splitk_tuned,2.41,17.73,Null
gfx908,120,112,256,5120,torch.int8,0,4,106.495,ck_splitk_tuned,2.76,18.23,Null
gfx908,120,128,256,5120,torch.int8,0,4,110.304,ck_splitk_tuned,3.04,18.42,Null
gfx908,120,160,256,5120,torch.int8,0,4,113.917,ck_splitk_tuned,3.68,19.42,Null
gfx908,120,192,256,5120,torch.int8,0,4,114.323,ck_splitk_tuned,4.4,20.92,Null
gfx908,120,256,256,5120,torch.int8,0,4,114.576,ck_splitk_tuned,5.86,24.02,Null
gfx908,120,320,256,5120,torch.int8,0,4,132.315,ck_splitk_tuned,6.34,23.53,Null
gfx908,120,384,256,5120,torch.int8,0,4,137.407,ck_splitk_tuned,7.33,25.28,Null
gfx908,120,512,256,5120,torch.int8,0,3,149.848,ck_splitk_tuned,8.96,27.99,Null
gfx908,120,640,256,5120,torch.int8,0,3,148.332,ck_splitk_tuned,11.31,33.14,Null
gfx908,120,1024,256,5120,torch.int8,0,4,399.321,ck_splitk_tuned,6.72,17.72,Null
gfx908,120,1280,256,5120,torch.int8,0,4,411.989,ck_splitk_tuned,8.14,20.68,Null
gfx908,120,2048,256,5120,torch.int8,0,3,509.593,ck_splitk_tuned,10.54,25.21,Null
gfx908,120,1,512,1536,torch.int8,49,3,8.1563,a8w8_rowwise_64x16x16x128_16x16_1x1_8x8x1_8x8x1_1x16x1x4_4x4x1_1x1_intrawave_v1,0.19,96.73,0.002
gfx908,120,2,512,1536,torch.int8,49,3,7.9397,a8w8_rowwise_64x16x16x128_16x16_1x1_8x8x1_8x8x1_1x16x1x4_4x4x1_1x1_intrawave_v1,0.4,99.7,0.0127
gfx908,120,4,512,1536,torch.int8,68,3,8.1511,a8w8_rowwise_64x16x16x128_16x16_1x1_8x8x1_8x8x1_1x16x1x4_4x4x1_1x1_interwave_v1,0.77,97.74,0.0171
gfx908,120,8,512,1536,torch.int8,68,3,8.1999,a8w8_rowwise_64x16x16x128_16x16_1x1_8x8x1_8x8x1_1x16x1x4_4x4x1_1x1_interwave_v1,1.53,98.41,0.0161
gfx908,120,12,512,1536,torch.int8,58,2,8.3623,a8w8_rowwise_64x16x16x64_16x16_1x1_4x16x1_4x16x1_1x16x1x4_4x4x1_1x1_intrawave_v2,2.26,97.72,0.0103
gfx908,120,16,512,1536,torch.int8,59,2,8.2476,a8w8_rowwise_64x16x16x128_16x16_1x1_8x8x1_8x8x1_1x16x1x4_4x4x1_1x1_intrawave_v2,3.05,100.32,0.0094
gfx908,120,32,512,1536,torch.int8,78,2,8.9839,a8w8_rowwise_64x16x16x128_16x16_1x1_8x8x1_8x8x1_1x16x1x4_4x4x1_1x1_interwave_v2,5.6,96.66,0.0103
gfx908,120,64,512,1536,torch.int8,59,0,9.3829,a8w8_rowwise_64x16x16x128_16x16_1x1_8x8x1_8x8x1_1x16x1x4_4x4x1_1x1_intrawave_v2,10.73,101.28,0.0
gfx908,120,128,512,1536,torch.int8,78,0,10.3566,a8w8_rowwise_64x16x16x128_16x16_1x1_8x8x1_8x8x1_1x16x1x4_4x4x1_1x1_interwave_v2,19.44,107.58,0.0
gfx908,120,256,512,1536,torch.int8,79,0,14.6847,a8w8_rowwise_128x16x32x128_16x16_1x1_8x16x1_8x16x1_1x16x1x8_4x4x1_1x1_interwave_v2,27.42,98.18,0.0
gfx908,120,512,512,1536,torch.int8,23,0,19.7599,a8w8_rowwise_256x64x64x512_32x32_1x1_32x8x1_32x8x1_1x32x1x8_8x8x1_1x1_intrawave_v3,40.75,106.13,0.0
gfx908,120,1024,512,1536,torch.int8,22,0,30.0294,a8w8_rowwise_256x64x96x256_16x16_2x3_16x16x1_16x16x1_1x64x1x4_8x8x1_2x1_intrawave_v3,53.63,113.48,0.0
gfx908,120,2048,512,1536,torch.int8,14,0,52.9335,a8w8_rowwise_256x128x96x256_32x32_1x3_16x16x1_16x16x1_1x64x1x4_8x8x1_1x1_intrawave_v3,60.85,113.9,0.0
gfx908,120,1,1024,1536,torch.int8,49,3,8.8966,a8w8_rowwise_64x16x16x128_16x16_1x1_8x8x1_8x8x1_1x16x1x4_4x4x1_1x1_intrawave_v1,0.35,177.2,0.0146
gfx908,120,1,1024,4352,torch.int8,49,3,12.6647,a8w8_rowwise_64x16x16x128_16x16_1x1_8x8x1_8x8x1_1x16x1x4_4x4x1_1x1_intrawave_v1,0.7,352.38,0.0117
gfx908,120,1,1024,5120,torch.int8,49,3,13.0054,a8w8_rowwise_64x16x16x128_16x16_1x1_8x8x1_8x8x1_1x16x1x4_4x4x1_1x1_intrawave_v1,0.81,403.68,0.0176
gfx908,120,2,1024,1536,torch.int8,49,3,8.8324,a8w8_rowwise_64x16x16x128_16x16_1x1_8x8x1_8x8x1_1x16x1x4_4x4x1_1x1_intrawave_v1,0.71,178.89,0.0137
gfx908,120,2,1024,4352,torch.int8,49,3,12.7147,a8w8_rowwise_64x16x16x128_16x16_1x1_8x8x1_8x8x1_1x16x1x4_4x4x1_1x1_intrawave_v1,1.4,351.5,0.0156
gfx908,120,2,1024,5120,torch.int8,49,3,13.0397,a8w8_rowwise_64x16x16x128_16x16_1x1_8x8x1_8x8x1_1x16x1x4_4x4x1_1x1_intrawave_v1,1.61,403.17,0.0161
gfx908,120,4,1024,1536,torch.int8,49,3,8.6764,a8w8_rowwise_64x16x16x128_16x16_1x1_8x8x1_8x8x1_1x16x1x4_4x4x1_1x1_intrawave_v1,1.45,182.93,0.0139
gfx908,120,4,1024,4352,torch.int8,49,3,12.9581,a8w8_rowwise_64x16x16x128_16x16_1x1_8x8x1_8x8x1_1x16x1x4_4x4x1_1x1_intrawave_v1,2.75,345.89,0.0171
gfx908,120,4,1024,5120,torch.int8,49,3,13.2176,a8w8_rowwise_64x16x16x128_16x16_1x1_8x8x1_8x8x1_1x16x1x4_4x4x1_1x1_intrawave_v1,3.17,398.83,0.0164
gfx908,120,8,1024,1536,torch.int8,68,3,9.0119,a8w8_rowwise_64x16x16x128_16x16_1x1_8x8x1_8x8x1_1x16x1x4_4x4x1_1x1_interwave_v1,2.79,177.71,0.0173
gfx908,120,8,1024,4352,torch.int8,59,2,13.333,a8w8_rowwise_64x16x16x128_16x16_1x1_8x8x1_8x8x1_1x16x1x4_4x4x1_1x1_intrawave_v2,5.35,338.08,0.0123
gfx908,120,8,1024,5120,torch.int8,59,3,13.5819,a8w8_rowwise_64x16x16x128_16x16_1x1_8x8x1_8x8x1_1x16x1x4_4x4x1_1x1_intrawave_v2,6.18,390.24,0.0168
gfx908,120,12,1024,1536,torch.int8,49,3,8.9415,a8w8_rowwise_64x16x16x128_16x16_1x1_8x8x1_8x8x1_1x16x1x4_4x4x1_1x1_intrawave_v1,4.22,180.72,0.0164
gfx908,120,12,1024,4352,torch.int8,59,2,13.5768,a8w8_rowwise_64x16x16x128_16x16_1x1_8x8x1_8x8x1_1x16x1x4_4x4x1_1x1_intrawave_v2,7.88,333.9,0.0114
gfx908,120,12,1024,5120,torch.int8,49,3,13.8744,a8w8_rowwise_64x16x16x128_16x16_1x1_8x8x1_8x8x1_1x16x1x4_4x4x1_1x1_intrawave_v1,9.07,384.08,0.0171
gfx908,120,16,1024,1536,torch.int8,58,0,9.056,a8w8_rowwise_64x16x16x64_16x16_1x1_4x16x1_4x16x1_1x16x1x4_4x4x1_1x1_intrawave_v2,5.56,180.01,0.0
gfx908,120,16,1024,4352,torch.int8,78,2,14.0908,a8w8_rowwise_64x16x16x128_16x16_1x1_8x8x1_8x8x1_1x16x1x4_4x4x1_1x1_interwave_v2,10.12,323.53,0.0103
gfx908,120,16,1024,5120,torch.int8,49,3,13.8282,a8w8_rowwise_64x16x16x128_16x16_1x1_8x8x1_8x8x1_1x16x1x4_4x4x1_1x1_intrawave_v1,12.13,387.44,0.0179
gfx908,120,32,1024,1536,torch.int8,58,0,9.5004,a8w8_rowwise_64x16x16x64_16x16_1x1_4x16x1_4x16x1_1x16x1x4_4x4x1_1x1_intrawave_v2,10.6,177.63,0.0
gfx908,120,32,1024,4352,torch.int8,79,2,17.0684,a8w8_rowwise_128x16x32x128_16x16_1x1_8x16x1_8x16x1_1x16x1x8_4x4x1_1x1_interwave_v2,16.71,273.09,0.0105
gfx908,120,32,1024,5120,torch.int8,48,3,16.4044,a8w8_rowwise_128x32x16x128_16x16_1x1_8x16x1_8x16x1_1x16x1x8_2x2x1_1x1_intrawave_v1,20.45,333.58,0.0166
gfx908,120,64,1024,1536,torch.int8,78,0,10.4382,a8w8_rowwise_64x16x16x128_16x16_1x1_8x8x1_8x8x1_1x16x1x4_4x4x1_1x1_interwave_v2,19.29,172.66,0.0
gfx908,120,64,1024,4352,torch.int8,47,2,22.5091,a8w8_rowwise_256x64x64x128_32x32_1x1_8x32x1_8x32x1_1x32x1x8_8x8x1_1x1_intrawave_v3,25.34,216.18,0.0117
gfx908,120,64,1024,5120,torch.int8,74,3,22.5004,a8w8_rowwise_128x64x32x128_32x32_1x1_8x16x1_8x16x1_1x16x1x8_4x4x1_1x1_interwave_v2,29.83,253.4,0.0171
gfx908,120,128,1024,1536,torch.int8,60,0,14.7303,a8w8_rowwise_128x16x32x128_16x16_1x1_8x16x1_8x16x1_1x16x1x8_4x4x1_1x1_intrawave_v2,27.34,137.92,0.0
gfx908,120,128,1024,4352,torch.int8,30,0,31.479,a8w8_rowwise_256x32x64x512_16x16_1x2_32x8x1_32x8x1_1x32x1x8_8x8x1_1x2_intrawave_v3,36.24,167.59,0.0
gfx908,120,128,1024,5120,torch.int8,29,2,33.1053,a8w8_rowwise_256x32x96x256_16x16_1x3_16x16x1_16x16x1_1x32x1x8_4x4x1_1x1_intrawave_v3,40.54,186.08,0.0122
gfx908,120,256,1024,1536,torch.int8,23,0,20.599,a8w8_rowwise_256x64x64x512_32x32_1x1_32x8x1_32x8x1_1x32x1x8_8x8x1_1x1_intrawave_v3,39.09,120.9,0.0
gfx908,120,256,1024,4352,torch.int8,23,0,46.7383,a8w8_rowwise_256x64x64x512_32x32_1x1_32x8x1_32x8x1_1x32x1x8_8x8x1_1x1_intrawave_v3,48.82,130.4,0.0
gfx908,120,256,1024,5120,torch.int8,23,0,52.9367,a8w8_rowwise_256x64x64x512_32x32_1x1_32x8x1_32x8x1_1x32x1x8_8x8x1_1x1_intrawave_v3,50.71,133.7,0.0
gfx908,120,512,1024,1536,torch.int8,22,0,29.751,a8w8_rowwise_256x64x96x256_16x16_2x3_16x16x1_16x16x1_1x64x1x4_8x8x1_2x1_intrawave_v3,54.14,114.55,0.0
gfx908,120,512,1024,4352,torch.int8,21,0,83.0331,a8w8_rowwise_256x64x128x256_32x32_1x2_16x16x1_16x16x1_1x32x1x8_8x8x1_1x1_intrawave_v3,54.96,93.13,0.0
gfx908,120,512,1024,5120,torch.int8,47,1,104.1054,a8w8_rowwise_256x64x64x128_32x32_1x1_8x32x1_8x32x1_1x32x1x8_8x8x1_1x1_intrawave_v3,51.57,85.61,0.0061
gfx908,120,1024,1024,1536,torch.int8,14,0,49.4054,a8w8_rowwise_256x128x96x256_32x32_1x3_16x16x1_16x16x1_1x64x1x4_8x8x1_1x1_intrawave_v3,65.2,106.12,0.0
gfx908,120,1024,1024,4352,torch.int8,14,0,156.8985,a8w8_rowwise_256x128x96x256_32x32_1x3_16x16x1_16x16x1_1x64x1x4_8x8x1_1x1_intrawave_v3,58.17,70.17,0.0
gfx908,120,1024,1024,5120,torch.int8,14,0,184.4778,a8w8_rowwise_256x128x96x256_32x32_1x3_16x16x1_16x16x1_1x64x1x4_8x8x1_1x1_intrawave_v3,58.2,68.21,0.0
gfx908,120,2048,1024,1536,torch.int8,11,0,97.0679,a8w8_rowwise_256x128x160x128_32x32_1x5_8x32x1_8x32x1_1x64x1x4_8x8x1_1x1_intrawave_v3,66.37,91.82,0.0
gfx908,120,2048,1024,4352,torch.int8,11,0,287.3076,a8w8_rowwise_256x128x160x128_32x32_1x5_8x32x1_8x32x1_1x64x1x4_8x8x1_1x1_intrawave_v3,63.53,61.13,0.0
gfx908,120,2048,1024,5120,torch.int8,11,0,335.9382,a8w8_rowwise_256x128x160x128_32x32_1x5_8x32x1_8x32x1_1x64x1x4_8x8x1_1x1_intrawave_v3,63.92,59.31,0.0
gfx908,120,1,1280,1536,torch.int8,78,2,9.0293,a8w8_rowwise_64x16x16x128_16x16_1x1_8x8x1_8x8x1_1x16x1x4_4x4x1_1x1_interwave_v2,0.44,218.2,0.0109
gfx908,120,1,1280,4352,torch.int8,59,2,13.8462,a8w8_rowwise_64x16x16x128_16x16_1x1_8x8x1_8x8x1_1x16x1x4_4x4x1_1x1_intrawave_v2,0.8,402.82,0.0094
gfx908,120,1,1280,5120,torch.int8,49,3,14.1385,a8w8_rowwise_64x16x16x128_16x16_1x1_8x8x1_8x8x1_1x16x1x4_4x4x1_1x1_intrawave_v1,0.93,464.07,0.0133
gfx908,120,2,1280,1536,torch.int8,78,2,9.2053,a8w8_rowwise_64x16x16x128_16x16_1x1_8x8x1_8x8x1_1x16x1x4_4x4x1_1x1_interwave_v2,0.85,214.47,0.0141
gfx908,120,2,1280,4352,torch.int8,59,2,13.9618,a8w8_rowwise_64x16x16x128_16x16_1x1_8x8x1_8x8x1_1x16x1x4_4x4x1_1x1_intrawave_v2,1.6,399.98,0.0129
gfx908,120,2,1280,5120,torch.int8,49,3,14.3164,a8w8_rowwise_64x16x16x128_16x16_1x1_8x8x1_8x8x1_1x16x1x4_4x4x1_1x1_intrawave_v1,1.83,458.84,0.0145
gfx908,120,4,1280,1536,torch.int8,58,2,9.407,a8w8_rowwise_64x16x16x64_16x16_1x1_4x16x1_4x16x1_1x16x1x4_4x4x1_1x1_intrawave_v2,1.67,210.74,0.0117
gfx908,120,4,1280,4352,torch.int8,59,2,14.0925,a8w8_rowwise_64x16x16x128_16x16_1x1_8x8x1_8x8x1_1x16x1x4_4x4x1_1x1_intrawave_v2,3.16,397.25,0.0109
gfx908,120,4,1280,5120,torch.int8,49,3,14.088,a8w8_rowwise_64x16x16x128_16x16_1x1_8x8x1_8x8x1_1x16x1x4_4x4x1_1x1_intrawave_v1,3.72,467.37,0.0141
gfx908,120,8,1280,1536,torch.int8,49,2,9.2549,a8w8_rowwise_64x16x16x128_16x16_1x1_8x8x1_8x8x1_1x16x1x4_4x4x1_1x1_intrawave_v1,3.4,215.98,0.012
gfx908,120,8,1280,4352,torch.int8,59,2,14.0428,a8w8_rowwise_64x16x16x128_16x16_1x1_8x8x1_8x8x1_1x16x1x4_4x4x1_1x1_intrawave_v2,6.35,400.62,0.0101
gfx908,120,8,1280,5120,torch.int8,78,2,14.4611,a8w8_rowwise_64x16x16x128_16x16_1x1_8x8x1_8x8x1_1x16x1x4_4x4x1_1x1_interwave_v2,7.25,457.44,0.0105
gfx908,120,12,1280,1536,torch.int8,68,2,9.57,a8w8_rowwise_64x16x16x128_16x16_1x1_8x8x1_8x8x1_1x16x1x4_4x4x1_1x1_interwave_v1,4.93,210.58,0.0117
gfx908,120,12,1280,4352,torch.int8,78,2,14.4966,a8w8_rowwise_64x16x16x128_16x16_1x1_8x8x1_8x8x1_1x16x1x4_4x4x1_1x1_interwave_v2,9.22,389.99,0.0099
gfx908,120,12,1280,5120,torch.int8,59,2,15.0428,a8w8_rowwise_64x16x16x128_16x16_1x1_8x8x1_8x8x1_1x16x1x4_4x4x1_1x1_intrawave_v2,10.46,441.79,0.0104
gfx908,120,16,1280,1536,torch.int8,59,0,9.124,a8w8_rowwise_64x16x16x128_16x16_1x1_8x8x1_8x8x1_1x16x1x4_4x4x1_1x1_intrawave_v2,6.9,222.67,0.0
gfx908,120,16,1280,4352,torch.int8,59,2,14.896,a8w8_rowwise_64x16x16x128_16x16_1x1_8x8x1_8x8x1_1x16x1x4_4x4x1_1x1_intrawave_v2,11.97,381.39,0.0098
gfx908,120,16,1280,5120,torch.int8,59,2,15.1612,a8w8_rowwise_64x16x16x128_16x16_1x1_8x8x1_8x8x1_1x16x1x4_4x4x1_1x1_intrawave_v2,13.83,440.37,0.0107
gfx908,120,32,1280,1536,torch.int8,59,0,9.7409,a8w8_rowwise_64x16x16x128_16x16_1x1_8x8x1_8x8x1_1x16x1x4_4x4x1_1x1_intrawave_v2,12.92,215.29,0.0
gfx908,120,32,1280,4352,torch.int8,60,2,17.6258,a8w8_rowwise_128x16x32x128_16x16_1x1_8x16x1_8x16x1_1x16x1x8_4x4x1_1x1_intrawave_v2,20.23,328.59,0.0113
gfx908,120,32,1280,5120,torch.int8,50,3,18.5596,a8w8_rowwise_128x16x32x128_16x16_1x1_8x16x1_8x16x1_1x16x1x8_4x4x1_1x1_intrawave_v1,22.6,366.35,0.0148
gfx908,120,64,1280,1536,torch.int8,78,0,11.3307,a8w8_rowwise_64x16x16x128_16x16_1x1_8x8x1_8x8x1_1x16x1x4_4x4x1_1x1_interwave_v2,22.21,196.65,0.0
gfx908,120,64,1280,4352,torch.int8,47,2,22.5116,a8w8_rowwise_256x64x64x128_32x32_1x1_8x32x1_8x32x1_1x32x1x8_8x8x1_1x1_intrawave_v3,31.67,267.1,0.0126
gfx908,120,64,1280,5120,torch.int8,47,3,23.0701,a8w8_rowwise_256x64x64x128_32x32_1x1_8x32x1_8x32x1_1x32x1x8_8x8x1_1x1_intrawave_v3,36.36,305.38,0.0166
gfx908,120,128,1280,1536,torch.int8,30,0,15.7421,a8w8_rowwise_256x32x64x512_16x16_1x2_32x8x1_32x8x1_1x32x1x8_8x8x1_1x2_intrawave_v3,31.97,158.2,0.0
gfx908,120,128,1280,4352,torch.int8,47,2,32.2332,a8w8_rowwise_256x64x64x128_32x32_1x1_8x32x1_8x32x1_1x32x1x8_8x8x1_1x1_intrawave_v3,44.24,200.27,0.0122
gfx908,120,128,1280,5120,torch.int8,47,3,33.0925,a8w8_rowwise_256x64x64x128_32x32_1x1_8x32x1_8x32x1_1x32x1x8_8x8x1_1x1_intrawave_v3,50.7,227.74,0.0165
gfx908,120,256,1280,1536,torch.int8,23,0,21.5398,a8w8_rowwise_256x64x64x512_32x32_1x1_32x8x1_32x8x1_1x32x1x8_8x8x1_1x1_intrawave_v3,46.73,139.96,0.0
gfx908,120,256,1280,4352,torch.int8,23,0,47.757,a8w8_rowwise_256x64x64x512_32x32_1x1_32x8x1_32x8x1_1x32x1x8_8x8x1_1x1_intrawave_v3,59.72,153.7,0.0
gfx908,120,256,1280,5120,torch.int8,47,2,59.9005,a8w8_rowwise_256x64x64x128_32x32_1x1_8x32x1_8x32x1_1x32x1x8_8x8x1_1x1_intrawave_v3,56.02,142.23,0.0118
gfx908,120,512,1280,1536,torch.int8,47,0,31.9782,a8w8_rowwise_256x64x64x128_32x32_1x1_8x32x1_8x32x1_1x32x1x8_8x8x1_1x1_intrawave_v3,62.96,127.06,0.0
gfx908,120,512,1280,4352,torch.int8,47,1,97.9673,a8w8_rowwise_256x64x64x128_32x32_1x1_8x32x1_8x32x1_1x32x1x8_8x8x1_1x1_intrawave_v3,58.23,92.99,0.0062
gfx908,120,512,1280,5120,torch.int8,19,1,113.4399,a8w8_rowwise_256x64x192x128_32x32_1x3_8x32x1_8x32x1_1x32x1x8_8x8x1_1x1_intrawave_v3,59.16,92.43,0.0064
gfx908,120,1024,1280,1536,torch.int8,19,0,58.1015,a8w8_rowwise_256x64x192x128_32x32_1x3_8x32x1_8x32x1_1x32x1x8_8x8x1_1x1_intrawave_v3,69.3,106.03,0.0
gfx908,120,1024,1280,4352,torch.int8,14,0,183.3935,a8w8_rowwise_256x128x96x256_32x32_1x3_16x16x1_16x16x1_1x64x1x4_8x8x1_1x1_intrawave_v3,62.21,68.97,0.0
gfx908,120,1024,1280,5120,torch.int8,19,0,217.6894,a8w8_rowwise_256x64x192x128_32x32_1x3_8x32x1_8x32x1_1x32x1x8_8x8x1_1x1_intrawave_v3,61.66,66.23,0.0
gfx908,120,2048,1280,1536,torch.int8,46,0,119.375,a8w8_rowwise_256x64x128x128_32x32_1x2_8x32x1_8x32x1_1x32x1x8_8x8x1_1x1_intrawave_v3,67.46,86.74,0.0
gfx908,120,2048,1280,4352,torch.int8,6,0,355.9341,a8w8_rowwise_256x256x96x128_32x32_2x3_8x32x1_8x32x1_1x64x1x4_8x8x1_2x1_intrawave_v3,64.1,55.42,0.0
gfx908,120,2048,1280,5120,torch.int8,10,0,415.0878,a8w8_rowwise_256x128x192x128_32x32_2x3_8x32x1_8x32x1_1x32x1x8_8x8x1_1x1_intrawave_v3,64.67,53.68,0.0
gfx908,120,1,1536,1536,torch.int8,59,0,9.484,a8w8_rowwise_64x16x16x128_16x16_1x1_8x8x1_8x8x1_1x16x1x4_4x4x1_1x1_intrawave_v2,0.5,249.25,0.0
gfx908,120,1,1536,4352,torch.int8,59,2,15.1916,a8w8_rowwise_64x16x16x128_16x16_1x1_8x8x1_8x8x1_1x16x1x4_4x4x1_1x1_intrawave_v2,0.88,440.51,0.0091
gfx908,120,1,1536,5120,torch.int8,0,2,43.015,ck_splitk_tuned,0.37,183.02,Null
gfx908,120,2,1536,1536,torch.int8,59,0,9.5843,a8w8_rowwise_64x16x16x128_16x16_1x1_8x8x1_8x8x1_1x16x1x4_4x4x1_1x1_intrawave_v2,0.98,247.12,0.0
gfx908,120,2,1536,4352,torch.int8,59,2,15.1172,a8w8_rowwise_64x16x16x128_16x16_1x1_8x8x1_8x8x1_1x16x1x4_4x4x1_1x1_intrawave_v2,1.77,443.17,0.013
gfx908,120,2,1536,5120,torch.int8,0,2,43.952,ck_splitk_tuned,0.72,179.3,Null
gfx908,120,4,1536,1536,torch.int8,59,2,9.4934,a8w8_rowwise_64x16x16x128_16x16_1x1_8x8x1_8x8x1_1x16x1x4_4x4x1_1x1_intrawave_v2,1.99,250.46,0.0111
gfx908,120,4,1536,4352,torch.int8,59,2,15.5034,a8w8_rowwise_64x16x16x128_16x16_1x1_8x8x1_8x8x1_1x16x1x4_4x4x1_1x1_intrawave_v2,3.45,433.09,0.0093
gfx908,120,4,1536,5120,torch.int8,0,2,45.369,ck_splitk_tuned,1.39,174.06,Null
gfx908,120,8,1536,1536,torch.int8,59,0,9.619,a8w8_rowwise_64x16x16x128_16x16_1x1_8x8x1_8x8x1_1x16x1x4_4x4x1_1x1_intrawave_v2,3.92,249.11,0.0
gfx908,120,8,1536,4352,torch.int8,49,2,15.782,a8w8_rowwise_64x16x16x128_16x16_1x1_8x8x1_8x8x1_1x16x1x4_4x4x1_1x1_intrawave_v1,6.78,427.33,0.0116
gfx908,120,8,1536,5120,torch.int8,0,2,47.614,ck_splitk_tuned,2.64,166.54,Null
gfx908,120,12,1536,1536,torch.int8,59,0,9.7349,a8w8_rowwise_64x16x16x128_16x16_1x1_8x8x1_8x8x1_1x16x1x4_4x4x1_1x1_intrawave_v2,5.82,248.03,0.0
gfx908,120,12,1536,4352,torch.int8,49,2,16.135,a8w8_rowwise_64x16x16x128_16x16_1x1_8x8x1_8x8x1_1x16x1x4_4x4x1_1x1_intrawave_v1,9.94,419.82,0.0113
gfx908,120,12,1536,5120,torch.int8,59,2,16.4332,a8w8_rowwise_64x16x16x128_16x16_1x1_8x8x1_8x8x1_1x16x1x4_4x4x1_1x1_intrawave_v2,11.49,484.54,0.0124
gfx908,120,16,1536,1536,torch.int8,59,0,9.2876,a8w8_rowwise_64x16x16x128_16x16_1x1_8x8x1_8x8x1_1x16x1x4_4x4x1_1x1_intrawave_v2,8.13,261.96,0.0
gfx908,120,16,1536,4352,torch.int8,49,2,16.4765,a8w8_rowwise_64x16x16x128_16x16_1x1_8x8x1_8x8x1_1x16x1x4_4x4x1_1x1_intrawave_v1,12.98,412.92,0.0109
gfx908,120,16,1536,5120,torch.int8,0,2,56.44,ck_splitk_tuned,4.46,141.66,Null
gfx908,120,32,1536,1536,torch.int8,78,0,10.0322,a8w8_rowwise_64x16x16x128_16x16_1x1_8x8x1_8x8x1_1x16x1x4_4x4x1_1x1_interwave_v2,15.05,249.87,0.0
gfx908,120,32,1536,4352,torch.int8,79,2,20.4619,a8w8_rowwise_128x16x32x128_16x16_1x1_8x16x1_8x16x1_1x16x1x8_4x4x1_1x1_interwave_v2,20.91,338.3,0.0111
gfx908,120,32,1536,5120,torch.int8,0,3,75.15,ck_splitk_tuned,6.7,108.14,Null
gfx908,120,48,1536,5120,torch.int8,0,3,80.067,ck_splitk_tuned,9.43,103.13,Null
gfx908,120,64,1536,1536,torch.int8,78,0,12.4806,a8w8_rowwise_64x16x16x128_16x16_1x1_8x8x1_8x8x1_1x16x1x4_4x4x1_1x1_interwave_v2,24.2,212.67,0.0
gfx908,120,64,1536,4352,torch.int8,47,2,24.5372,a8w8_rowwise_256x64x64x128_32x32_1x1_8x32x1_8x32x1_1x32x1x8_8x8x1_1x1_intrawave_v3,34.87,291.79,0.0121
gfx908,120,64,1536,5120,torch.int8,0,3,88.064,ck_splitk_tuned,11.43,95.26,Null
gfx908,120,80,1536,5120,torch.int8,0,2,120.747,ck_splitk_tuned,10.42,70.56,Null
gfx908,120,96,1536,5120,torch.int8,0,2,123.387,ck_splitk_tuned,12.24,70.11,Null
gfx908,120,112,1536,5120,torch.int8,0,2,125.811,ck_splitk_tuned,14.0,69.8,Null
gfx908,120,128,1536,1536,torch.int8,30,0,16.9862,a8w8_rowwise_256x32x64x512_16x16_1x2_32x8x1_32x8x1_1x32x1x8_8x8x1_1x2_intrawave_v3,35.56,173.62,0.0
gfx908,120,128,1536,4352,torch.int8,47,2,34.7709,a8w8_rowwise_256x64x64x128_32x32_1x1_8x32x1_8x32x1_1x32x1x8_8x8x1_1x1_intrawave_v3,49.22,219.58,0.0116
gfx908,120,128,1536,5120,torch.int8,0,2,128.376,ck_splitk_tuned,15.68,69.43,Null
gfx908,120,160,1536,5120,torch.int8,0,0,195.004,ck_splitk_tuned,12.91,47.05,Null
gfx908,120,192,1536,5120,torch.int8,0,0,198.906,ck_splitk_tuned,15.18,47.45,Null
gfx908,120,256,1536,1536,torch.int8,47,0,22.3878,a8w8_rowwise_256x64x64x128_32x32_1x1_8x32x1_8x32x1_1x32x1x8_8x8x1_1x1_intrawave_v3,53.96,158.07,0.0
gfx908,120,256,1536,4352,torch.int8,23,0,62.5271,a8w8_rowwise_256x64x64x512_32x32_1x1_32x8x1_32x8x1_1x32x1x8_8x8x1_1x1_intrawave_v3,54.74,137.3,0.0
gfx908,120,256,1536,5120,torch.int8,0,0,216.581,ck_splitk_tuned,18.59,45.99,Null
gfx908,120,320,1536,5120,torch.int8,0,1,234.28,ck_splitk_tuned,21.48,44.76,Null
gfx908,120,384,1536,5120,torch.int8,0,0,337.561,ck_splitk_tuned,17.89,32.62,Null
gfx908,120,512,1536,1536,torch.int8,47,0,33.2263,a8w8_rowwise_256x64x64x128_32x32_1x1_8x32x1_8x32x1_1x32x1x8_8x8x1_1x1_intrawave_v3,72.71,142.01,0.0
gfx908,120,512,1536,4352,torch.int8,15,0,110.6024,a8w8_rowwise_256x128x64x256_32x32_2x1_16x16x1_16x16x1_1x32x1x8_8x8x1_1x1_intrawave_v3,61.89,94.81,0.0
gfx908,120,512,1536,5120,torch.int8,0,0,346.509,ck_splitk_tuned,23.24,34.8,Null
gfx908,120,640,1536,5120,torch.int8,0,1,391.917,ck_splitk_tuned,25.68,33.44,Null
gfx908,120,1024,1536,1536,torch.int8,13,0,72.7863,a8w8_rowwise_256x128x128x128_32x32_2x2_8x32x1_8x32x1_1x32x1x8_8x8x1_1x1_intrawave_v3,66.38,97.24,0.0
gfx908,120,1024,1536,4352,torch.int8,12,0,225.1089,a8w8_rowwise_256x128x128x256_32x32_2x2_16x16x1_16x16x1_1x32x1x8_8x8x1_1x1_intrawave_v3,60.82,63.47,0.0
gfx908,120,1024,1536,5120,torch.int8,0,0,625.989,ck_splitk_tuned,25.73,25.96,Null
gfx908,120,1280,1536,5120,torch.int8,0,0,1048.082,ck_splitk_tuned,19.21,17.51,Null
gfx908,120,2048,1536,1536,torch.int8,9,0,141.2323,a8w8_rowwise_256x128x224x128_32x32_1x7_8x32x1_8x32x1_1x64x1x4_8x8x1_1x1_intrawave_v3,68.42,83.53,0.0
gfx908,120,2048,1536,4352,torch.int8,9,0,414.7827,a8w8_rowwise_256x128x224x128_32x32_1x7_8x32x1_8x32x1_1x64x1x4_8x8x1_1x1_intrawave_v3,66.01,52.77,0.0
gfx908,120,2048,1536,5120,torch.int8,0,0,1055.126,ck_splitk_tuned,30.53,23.35,Null
gfx908,120,1,2048,1536,torch.int8,59,0,9.7526,a8w8_rowwise_64x16x16x128_16x16_1x1_8x8x1_8x8x1_1x16x1x4_4x4x1_1x1_intrawave_v2,0.65,323.13,0.0
gfx908,120,1,2048,4352,torch.int8,49,2,17.3597,a8w8_rowwise_64x16x16x128_16x16_1x1_8x8x1_8x8x1_1x16x1x4_4x4x1_1x1_intrawave_v1,1.03,513.91,0.0098
gfx908,120,1,2048,5120,torch.int8,0,4,52.835,ck_splitk_tuned,0.4,198.64,Null
gfx908,120,2,2048,1536,torch.int8,59,0,9.7731,a8w8_rowwise_64x16x16x128_16x16_1x1_8x8x1_8x8x1_1x16x1x4_4x4x1_1x1_intrawave_v2,1.29,323.03,0.0
gfx908,120,2,2048,4352,torch.int8,59,2,17.423,a8w8_rowwise_64x16x16x128_16x16_1x1_8x8x1_8x8x1_1x16x1x4_4x4x1_1x1_intrawave_v2,2.05,512.53,0.011
gfx908,120,2,2048,5120,torch.int8,0,4,53.767,ck_splitk_tuned,0.78,195.37,Null
gfx908,120,4,2048,1536,torch.int8,59,0,9.876,a8w8_rowwise_64x16x16x128_16x16_1x1_8x8x1_8x8x1_1x16x1x4_4x4x1_1x1_intrawave_v2,2.55,320.8,0.0
gfx908,120,4,2048,4352,torch.int8,49,2,17.462,a8w8_rowwise_64x16x16x128_16x16_1x1_8x8x1_8x8x1_1x16x1x4_4x4x1_1x1_intrawave_v1,4.08,512.35,0.0115
gfx908,120,4,2048,5120,torch.int8,0,3,54.145,ck_splitk_tuned,1.55,194.34,Null
gfx908,120,8,2048,1536,torch.int8,59,0,10.1802,a8w8_rowwise_64x16x16x128_16x16_1x1_8x8x1_8x8x1_1x16x1x4_4x4x1_1x1_intrawave_v2,4.94,313.43,0.0
gfx908,120,8,2048,4352,torch.int8,49,2,17.9423,a8w8_rowwise_64x16x16x128_16x16_1x1_8x8x1_8x8x1_1x16x1x4_4x4x1_1x1_intrawave_v1,7.95,500.52,0.0119
gfx908,120,8,2048,5120,torch.int8,0,2,57.212,ck_splitk_tuned,2.93,184.57,Null
gfx908,120,12,2048,1536,torch.int8,59,0,10.1639,a8w8_rowwise_64x16x16x128_16x16_1x1_8x8x1_8x8x1_1x16x1x4_4x4x1_1x1_intrawave_v2,7.43,316.15,0.0
gfx908,120,12,2048,4352,torch.int8,49,2,18.8445,a8w8_rowwise_64x16x16x128_16x16_1x1_8x8x1_8x8x1_1x16x1x4_4x4x1_1x1_intrawave_v1,11.35,478.35,0.012
gfx908,120,12,2048,5120,torch.int8,49,3,19.2179,a8w8_rowwise_64x16x16x128_16x16_1x1_8x8x1_8x8x1_1x16x1x4_4x4x1_1x1_intrawave_v1,13.09,551.38,0.0176
gfx908,120,16,2048,1536,torch.int8,58,0,9.7686,a8w8_rowwise_64x16x16x64_16x16_1x1_4x16x1_4x16x1_1x16x1x4_4x4x1_1x1_intrawave_v2,10.3,331.25,0.0
gfx908,120,16,2048,4352,torch.int8,49,1,19.4333,a8w8_rowwise_64x16x16x128_16x16_1x1_8x8x1_8x8x1_1x16x1x4_4x4x1_1x1_intrawave_v1,14.68,465.6,0.0052
gfx908,120,16,2048,5120,torch.int8,0,2,67.476,ck_splitk_tuned,4.97,157.59,Null
gfx908,120,32,2048,1536,torch.int8,59,0,11.103,a8w8_rowwise_64x16x16x128_16x16_1x1_8x8x1_8x8x1_1x16x1x4_4x4x1_1x1_intrawave_v2,18.13,299.55,0.0
gfx908,120,32,2048,4352,torch.int8,59,0,23.9991,a8w8_rowwise_64x16x16x128_16x16_1x1_8x8x1_8x8x1_1x16x1x4_4x4x1_1x1_intrawave_v2,23.77,382.65,0.0
gfx908,120,32,2048,5120,torch.int8,0,2,89.36,ck_splitk_tuned,7.51,120.64,Null
gfx908,120,48,2048,5120,torch.int8,0,2,124.678,ck_splitk_tuned,8.07,87.65,Null
gfx908,120,64,2048,1536,torch.int8,79,0,15.1182,a8w8_rowwise_128x16x32x128_16x16_1x1_8x16x1_8x16x1_1x16x1x8_4x4x1_1x1_interwave_v2,26.63,231.92,0.0
gfx908,120,64,2048,4352,torch.int8,30,0,33.1127,a8w8_rowwise_256x32x64x512_16x16_1x2_32x8x1_32x8x1_1x32x1x8_8x8x1_1x2_intrawave_v3,34.45,285.5,0.0
gfx908,120,64,2048,5120,torch.int8,0,2,126.918,ck_splitk_tuned,10.58,87.27,Null
gfx908,120,80,2048,5120,torch.int8,0,0,188.045,ck_splitk_tuned,8.92,59.68,Null
gfx908,120,96,2048,5120,torch.int8,0,0,190.271,ck_splitk_tuned,10.58,59.76,Null
gfx908,120,112,2048,5120,torch.int8,0,0,193.231,ck_splitk_tuned,12.16,59.61,Null
gfx908,120,128,2048,1536,torch.int8,23,0,21.1734,a8w8_rowwise_256x64x64x512_32x32_1x1_32x8x1_32x8x1_1x32x1x8_8x8x1_1x1_intrawave_v3,38.03,182.62,0.0
gfx908,120,128,2048,4352,torch.int8,23,0,50.1271,a8w8_rowwise_256x64x64x512_32x32_1x1_32x8x1_32x8x1_1x32x1x8_8x8x1_1x1_intrawave_v3,45.52,199.38,0.0
gfx908,120,128,2048,5120,torch.int8,0,0,195.527,ck_splitk_tuned,13.73,59.66,Null
gfx908,120,160,2048,5120,torch.int8,0,2,278.908,ck_splitk_tuned,12.03,42.88,Null
gfx908,120,192,2048,5120,torch.int8,0,2,282.146,ck_splitk_tuned,14.27,43.44,Null
gfx908,120,256,2048,1536,torch.int8,47,0,29.9015,a8w8_rowwise_256x64x64x128_32x32_1x1_8x32x1_8x32x1_1x32x1x8_8x8x1_1x1_intrawave_v3,53.86,153.42,0.0
gfx908,120,256,2048,4352,torch.int8,22,0,94.1785,a8w8_rowwise_256x64x96x256_16x16_2x3_16x16x1_16x16x1_1x64x1x4_8x8x1_2x1_intrawave_v3,48.45,117.6,0.0
gfx908,120,256,2048,5120,torch.int8,0,2,287.551,ck_splitk_tuned,18.67,44.67,Null
gfx908,120,320,2048,5120,torch.int8,0,1,454.458,ck_splitk_tuned,14.77,29.56,Null
gfx908,120,384,2048,5120,torch.int8,0,1,460.694,ck_splitk_tuned,17.48,30.44,Null
gfx908,120,512,2048,1536,torch.int8,14,0,50.2614,a8w8_rowwise_256x128x96x256_32x32_1x3_16x16x1_16x16x1_1x64x1x4_8x8x1_1x1_intrawave_v3,64.09,119.96,0.0
gfx908,120,512,2048,4352,torch.int8,14,0,160.7979,a8w8_rowwise_256x128x96x256_32x32_1x3_16x16x1_16x16x1_1x64x1x4_8x8x1_1x1_intrawave_v3,56.76,82.33,0.0
gfx908,120,512,2048,5120,torch.int8,0,1,468.724,ck_splitk_tuned,22.91,32.44,Null
gfx908,120,640,2048,5120,torch.int8,0,0,764.814,ck_splitk_tuned,17.55,21.42,Null
gfx908,120,1024,2048,1536,torch.int8,11,0,96.084,a8w8_rowwise_256x128x160x128_32x32_1x5_8x32x1_8x32x1_1x64x1x4_8x8x1_1x1_intrawave_v3,67.05,92.76,0.0
gfx908,120,1024,2048,4352,torch.int8,11,0,279.2963,a8w8_rowwise_256x128x160x128_32x32_1x5_8x32x1_8x32x1_1x64x1x4_8x8x1_1x1_intrawave_v3,65.36,62.89,0.0
gfx908,120,1024,2048,5120,torch.int8,0,0,769.045,ck_splitk_tuned,27.92,25.91,Null
gfx908,120,1280,2048,5120,torch.int8,0,0,1473.711,ck_splitk_tuned,18.21,15.12,Null
gfx908,120,2048,2048,1536,torch.int8,4,0,214.2814,a8w8_rowwise_256x256x160x128_32x32_2x5_8x32x1_8x32x1_1x64x1x4_8x8x1_2x1_intrawave_v3,60.13,68.51,0.0
gfx908,120,2048,2048,4352,torch.int8,4,0,527.058,a8w8_rowwise_256x256x160x128_32x32_2x5_8x32x1_8x32x1_1x64x1x4_8x8x1_2x1_intrawave_v3,69.27,49.74,0.0
gfx908,120,2048,2048,5120,torch.int8,0,0,1481.927,ck_splitk_tuned,28.98,19.81,Null
gfx908,120,1,3072,1536,torch.int8,59,0,10.3796,a8w8_rowwise_64x16x16x128_16x16_1x1_8x8x1_8x8x1_1x16x1x4_4x4x1_1x1_intrawave_v2,0.91,455.34,0.0
gfx908,120,1,3072,4352,torch.int8,59,0,22.3223,a8w8_rowwise_64x16x16x128_16x16_1x1_8x8x1_8x8x1_1x16x1x4_4x4x1_1x1_intrawave_v2,1.2,599.39,0.0
gfx908,120,1,3072,5120,torch.int8,59,0,24.2048,a8w8_rowwise_64x16x16x128_16x16_1x1_8x8x1_8x8x1_1x16x1x4_4x4x1_1x1_intrawave_v2,1.3,650.28,0.0
gfx908,120,1,3072,17408,torch.int8,68,1,115.0047,a8w8_rowwise_64x16x16x128_16x16_1x1_8x8x1_8x8x1_1x16x1x4_4x4x1_1x1_interwave_v1,0.93,465.21,0.0068
gfx908,120,2,3072,1536,torch.int8,59,0,10.768,a8w8_rowwise_64x16x16x128_16x16_1x1_8x8x1_8x8x1_1x16x1x4_4x4x1_1x1_intrawave_v2,1.75,439.63,0.0
gfx908,120,2,3072,4352,torch.int8,59,0,22.4201,a8w8_rowwise_64x16x16x128_16x16_1x1_8x8x1_8x8x1_1x16x1x4_4x4x1_1x1_intrawave_v2,2.39,597.25,0.0
gfx908,120,2,3072,5120,torch.int8,59,0,24.4177,a8w8_rowwise_64x16x16x128_16x16_1x1_8x8x1_8x8x1_1x16x1x4_4x4x1_1x1_intrawave_v2,2.58,645.07,0.0
gfx908,120,2,3072,17408,torch.int8,59,1,115.5119,a8w8_rowwise_64x16x16x128_16x16_1x1_8x8x1_8x8x1_1x16x1x4_4x4x1_1x1_intrawave_v2,1.85,463.37,0.0059
gfx908,120,4,3072,1536,torch.int8,59,0,10.7398,a8w8_rowwise_64x16x16x128_16x16_1x1_8x8x1_8x8x1_1x16x1x4_4x4x1_1x1_intrawave_v2,3.51,442.22,0.0
gfx908,120,4,3072,4352,torch.int8,59,0,22.7983,a8w8_rowwise_64x16x16x128_16x16_1x1_8x8x1_8x8x1_1x16x1x4_4x4x1_1x1_intrawave_v2,4.69,588.26,0.0
gfx908,120,4,3072,5120,torch.int8,59,1,24.4716,a8w8_rowwise_64x16x16x128_16x16_1x1_8x8x1_8x8x1_1x16x1x4_4x4x1_1x1_intrawave_v2,5.14,644.57,0.0072
gfx908,120,4,3072,17408,torch.int8,49,1,116.7016,a8w8_rowwise_64x16x16x128_16x16_1x1_8x8x1_8x8x1_1x16x1x4_4x4x1_1x1_intrawave_v1,3.67,459.05,0.0056
gfx908,120,8,3072,1536,torch.int8,59,0,10.8742,a8w8_rowwise_64x16x16x128_16x16_1x1_8x8x1_8x8x1_1x16x1x4_4x4x1_1x1_intrawave_v2,6.94,439.58,0.0
gfx908,120,8,3072,4352,torch.int8,59,0,23.0967,a8w8_rowwise_64x16x16x128_16x16_1x1_8x8x1_8x8x1_1x16x1x4_4x4x1_1x1_intrawave_v2,9.26,582.48,0.0
gfx908,120,8,3072,5120,torch.int8,59,1,24.5342,a8w8_rowwise_64x16x16x128_16x16_1x1_8x8x1_8x8x1_1x16x1x4_4x4x1_1x1_intrawave_v2,10.26,644.76,0.0068
gfx908,120,8,3072,17408,torch.int8,59,1,116.1478,a8w8_rowwise_64x16x16x128_16x16_1x1_8x8x1_8x8x1_1x16x1x4_4x4x1_1x1_intrawave_v2,7.37,462.05,0.0058
gfx908,120,12,3072,1536,torch.int8,59,0,10.8124,a8w8_rowwise_64x16x16x128_16x16_1x1_8x8x1_8x8x1_1x16x1x4_4x4x1_1x1_intrawave_v2,10.47,444.93,0.0
gfx908,120,12,3072,4352,torch.int8,59,0,22.9671,a8w8_rowwise_64x16x16x128_16x16_1x1_8x8x1_8x8x1_1x16x1x4_4x4x1_1x1_intrawave_v2,13.97,587.59,0.0
gfx908,120,12,3072,5120,torch.int8,59,0,25.5264,a8w8_rowwise_64x16x16x128_16x16_1x1_8x8x1_8x8x1_1x16x1x4_4x4x1_1x1_intrawave_v2,14.79,621.47,0.0
gfx908,120,12,3072,17408,torch.int8,80,2,126.0463,a8w8_rowwise_128x16x64x128_16x16_1x2_8x16x1_8x16x1_1x16x1x8_4x4x1_1x1_interwave_v2,10.18,426.51,0.0122
gfx908,120,16,3072,1536,torch.int8,59,0,10.6091,a8w8_rowwise_64x16x16x128_16x16_1x1_8x8x1_8x8x1_1x16x1x4_4x4x1_1x1_intrawave_v2,14.23,456.35,0.0
gfx908,120,16,3072,4352,torch.int8,59,0,22.2007,a8w8_rowwise_64x16x16x128_16x16_1x1_8x8x1_8x8x1_1x16x1x4_4x4x1_1x1_intrawave_v2,19.27,609.77,0.0
gfx908,120,16,3072,5120,torch.int8,59,0,24.809,a8w8_rowwise_64x16x16x128_16x16_1x1_8x8x1_8x8x1_1x16x1x4_4x4x1_1x1_intrawave_v2,20.29,641.25,0.0
gfx908,120,16,3072,17408,torch.int8,49,1,122.5712,a8w8_rowwise_64x16x16x128_16x16_1x1_8x8x1_8x8x1_1x16x1x4_4x4x1_1x1_intrawave_v1,13.96,439.37,0.0067
gfx908,120,32,3072,1536,torch.int8,59,0,12.5345,a8w8_rowwise_64x16x16x128_16x16_1x1_8x8x1_8x8x1_1x16x1x4_4x4x1_1x1_intrawave_v2,24.09,396.06,0.0
gfx908,120,32,3072,4352,torch.int8,49,0,29.0464,a8w8_rowwise_64x16x16x128_16x16_1x1_8x8x1_8x8x1_1x16x1x4_4x4x1_1x1_intrawave_v1,29.46,471.84,0.0
gfx908,120,32,3072,5120,torch.int8,80,2,34.2414,a8w8_rowwise_128x16x64x128_16x16_1x2_8x16x1_8x16x1_1x16x1x8_4x4x1_1x1_interwave_v2,29.4,469.87,0.0119
gfx908,120,32,3072,17408,torch.int8,29,1,156.0928,a8w8_rowwise_256x32x96x256_16x16_1x3_16x16x1_16x16x1_1x32x1x8_4x4x1_1x1_intrawave_v3,21.93,347.43,0.0068
gfx908,120,64,3072,1536,torch.int8,30,0,17.4586,a8w8_rowwise_256x32x64x512_16x16_1x2_32x8x1_32x8x1_1x32x1x8_8x8x1_1x2_intrawave_v3,34.59,298.43,0.0
gfx908,120,64,3072,4352,torch.int8,47,1,39.4637,a8w8_rowwise_256x64x64x128_32x32_1x1_8x32x1_8x32x1_1x32x1x8_8x8x1_1x1_intrawave_v3,43.36,355.8,0.0062
gfx908,120,64,3072,5120,torch.int8,23,1,44.0081,a8w8_rowwise_256x64x64x512_32x32_1x1_32x8x1_32x8x1_1x32x1x8_8x8x1_1x1_intrawave_v3,45.75,373.78,0.0063
gfx908,120,64,3072,17408,torch.int8,20,2,196.4198,a8w8_rowwise_256x64x160x256_16x16_2x5_16x16x1_16x16x1_1x64x1x4_8x8x1_2x1_intrawave_v3,34.85,279.93,0.0125
gfx908,120,128,3072,1536,torch.int8,47,0,22.4974,a8w8_rowwise_256x64x64x128_32x32_1x1_8x32x1_8x32x1_1x32x1x8_8x8x1_1x1_intrawave_v3,53.69,253.44,0.0
gfx908,120,128,3072,4352,torch.int8,23,0,65.3496,a8w8_rowwise_256x64x64x512_32x32_1x1_32x8x1_32x8x1_1x32x1x8_8x8x1_1x1_intrawave_v3,52.37,225.14,0.0
gfx908,120,128,3072,5120,torch.int8,23,0,75.5031,a8w8_rowwise_256x64x64x512_32x32_1x1_32x8x1_32x8x1_1x32x1x8_8x8x1_1x1_intrawave_v3,53.33,227.41,0.0
gfx908,120,128,3072,17408,torch.int8,11,2,299.9257,a8w8_rowwise_256x128x160x128_32x32_1x5_8x32x1_8x32x1_1x64x1x4_8x8x1_1x1_intrawave_v3,45.65,188.35,0.0122
gfx908,120,256,3072,1536,torch.int8,47,0,32.6611,a8w8_rowwise_256x64x64x128_32x32_1x1_8x32x1_8x32x1_1x32x1x8_8x8x1_1x1_intrawave_v3,73.97,204.67,0.0
gfx908,120,256,3072,4352,torch.int8,21,0,119.9017,a8w8_rowwise_256x64x128x256_32x32_1x2_16x16x1_16x16x1_1x32x1x8_8x8x1_1x1_intrawave_v3,57.09,133.91,0.0
gfx908,120,256,3072,5120,torch.int8,15,0,133.0155,a8w8_rowwise_256x128x64x256_32x32_2x1_16x16x1_16x16x1_1x32x1x8_8x8x1_1x1_intrawave_v3,60.54,139.93,0.0
gfx908,120,256,3072,17408,torch.int8,15,0,546.5716,a8w8_rowwise_256x128x64x256_32x32_2x1_16x16x1_16x16x1_1x32x1x8_8x8x1_1x1_intrawave_v3,50.09,108.87,0.0
gfx908,120,512,3072,1536,torch.int8,46,0,74.2487,a8w8_rowwise_256x64x128x128_32x32_1x2_8x32x1_8x32x1_1x32x1x8_8x8x1_1x1_intrawave_v3,65.08,116.51,0.0
gfx908,120,512,3072,4352,torch.int8,13,0,227.1761,a8w8_rowwise_256x128x128x128_32x32_2x2_8x32x1_8x32x1_1x32x1x8_8x8x1_1x1_intrawave_v3,60.26,82.51,0.0
gfx908,120,512,3072,5120,torch.int8,12,0,261.4987,a8w8_rowwise_256x128x128x256_32x32_2x2_16x16x1_16x16x1_1x32x1x8_8x8x1_1x1_intrawave_v3,61.59,82.2,0.0
gfx908,120,512,3072,17408,torch.int8,12,0,912.7421,a8w8_rowwise_256x128x128x256_32x32_2x2_16x16x1_16x16x1_1x32x1x8_8x8x1_1x1_intrawave_v3,60.0,71.8,0.0
gfx908,120,1024,3072,1536,torch.int8,9,0,141.1429,a8w8_rowwise_256x128x224x128_32x32_1x7_8x32x1_8x32x1_1x64x1x4_8x8x1_1x1_intrawave_v3,68.47,89.15,0.0
gfx908,120,1024,3072,4352,torch.int8,5,0,426.0162,a8w8_rowwise_256x256x128x128_32x32_4x2_8x32x1_8x32x1_1x32x1x8_8x8x1_1x1_intrawave_v3,64.27,56.61,0.0
gfx908,120,1024,3072,5120,torch.int8,5,0,493.6321,a8w8_rowwise_256x256x128x128_32x32_4x2_8x32x1_8x32x1_1x32x1x8_8x8x1_1x1_intrawave_v3,65.26,55.23,0.0
gfx908,120,1024,3072,17408,torch.int8,5,0,1699.9521,a8w8_rowwise_256x256x128x128_32x32_4x2_8x32x1_8x32x1_1x32x1x8_8x8x1_1x1_intrawave_v3,64.43,45.65,0.0
gfx908,120,2048,3072,1536,torch.int8,2,0,296.0369,a8w8_rowwise_256x256x224x128_32x32_2x7_8x32x1_8x32x1_1x64x1x4_8x8x1_2x1_intrawave_v3,65.29,69.07,0.0
gfx908,120,2048,3072,4352,torch.int8,2,0,776.3817,a8w8_rowwise_256x256x224x128_32x32_2x7_8x32x1_8x32x1_1x64x1x4_8x8x1_2x1_intrawave_v3,70.53,44.91,0.0
gfx908,120,2048,3072,5120,torch.int8,2,0,891.7813,a8w8_rowwise_256x256x224x128_32x32_2x7_8x32x1_8x32x1_1x64x1x4_8x8x1_2x1_intrawave_v3,72.24,43.51,0.0
gfx908,120,2048,3072,17408,torch.int8,0,0,3128.1177,a8w8_rowwise_256x256x256x64_32x32_4x4_4x64x1_4x64x1_1x32x1x8_8x8x1_1x1_intrawave_v4,70.02,32.52,0.0
gfx908,120,1,3584,4352,torch.int8,59,0,23.3753,a8w8_rowwise_64x16x16x128_16x16_1x1_8x8x1_8x8x1_1x16x1x4_4x4x1_1x1_intrawave_v2,1.33,667.76,0.0
gfx908,120,1,3584,5120,torch.int8,59,0,26.006,a8w8_rowwise_64x16x16x128_16x16_1x1_8x8x1_8x8x1_1x16x1x4_4x4x1_1x1_intrawave_v2,1.41,706.08,0.0
gfx908,120,1,3584,17408,torch.int8,59,1,144.1681,a8w8_rowwise_64x16x16x128_16x16_1x1_8x8x1_8x8x1_1x16x1x4_4x4x1_1x1_intrawave_v2,0.87,432.93,0.0036
gfx908,120,2,3584,4352,torch.int8,59,0,23.4574,a8w8_rowwise_64x16x16x128_16x16_1x1_8x8x1_8x8x1_1x16x1x4_4x4x1_1x1_intrawave_v2,2.66,665.91,0.0
gfx908,120,2,3584,5120,torch.int8,59,0,26.7306,a8w8_rowwise_64x16x16x128_16x16_1x1_8x8x1_8x8x1_1x16x1x4_4x4x1_1x1_intrawave_v2,2.75,687.4,0.0
gfx908,120,2,3584,17408,torch.int8,59,1,144.3697,a8w8_rowwise_64x16x16x128_16x16_1x1_8x8x1_8x8x1_1x16x1x4_4x4x1_1x1_intrawave_v2,1.73,432.5,0.0057
gfx908,120,4,3584,4352,torch.int8,59,0,23.8871,a8w8_rowwise_64x16x16x128_16x16_1x1_8x8x1_8x8x1_1x16x1x4_4x4x1_1x1_intrawave_v2,5.22,654.9,0.0
gfx908,120,4,3584,5120,torch.int8,59,0,27.2439,a8w8_rowwise_64x16x16x128_16x16_1x1_8x8x1_8x8x1_1x16x1x4_4x4x1_1x1_intrawave_v2,5.39,675.35,0.0
gfx908,120,4,3584,17408,torch.int8,69,2,146.7035,a8w8_rowwise_128x16x32x128_16x16_1x1_8x16x1_8x16x1_1x16x1x8_4x4x1_1x1_interwave_v1,3.4,425.95,0.01
gfx908,120,8,3584,4352,torch.int8,59,0,23.991,a8w8_rowwise_64x16x16x128_16x16_1x1_8x8x1_8x8x1_1x16x1x4_4x4x1_1x1_intrawave_v2,10.4,653.98,0.0
gfx908,120,8,3584,5120,torch.int8,59,0,26.8858,a8w8_rowwise_64x16x16x128_16x16_1x1_8x8x1_8x8x1_1x16x1x4_4x4x1_1x1_intrawave_v2,10.92,686.18,0.0
gfx908,120,8,3584,17408,torch.int8,80,2,148.6636,a8w8_rowwise_128x16x64x128_16x16_1x2_8x16x1_8x16x1_1x16x1x8_4x4x1_1x1_interwave_v2,6.71,421.0,0.0115
gfx908,120,12,3584,4352,torch.int8,59,0,23.6191,a8w8_rowwise_64x16x16x128_16x16_1x1_8x8x1_8x8x1_1x16x1x4_4x4x1_1x1_intrawave_v2,15.85,666.23,0.0
gfx908,120,12,3584,5120,torch.int8,59,0,28.3031,a8w8_rowwise_64x16x16x128_16x16_1x1_8x8x1_8x8x1_1x16x1x4_4x4x1_1x1_intrawave_v2,15.56,653.55,0.0
gfx908,120,12,3584,17408,torch.int8,80,2,148.9207,a8w8_rowwise_128x16x64x128_16x16_1x2_8x16x1_8x16x1_1x16x1x8_4x4x1_1x1_interwave_v2,10.05,420.93,0.0117
gfx908,120,16,3584,4352,torch.int8,78,0,23.5031,a8w8_rowwise_64x16x16x128_16x16_1x1_8x8x1_8x8x1_1x16x1x4_4x4x1_1x1_interwave_v2,21.24,671.48,0.0
gfx908,120,16,3584,5120,torch.int8,59,0,27.5304,a8w8_rowwise_64x16x16x128_16x16_1x1_8x8x1_8x8x1_1x16x1x4_4x4x1_1x1_intrawave_v2,21.33,673.68,0.0
gfx908,120,16,3584,17408,torch.int8,80,2,148.3182,a8w8_rowwise_128x16x64x128_16x16_1x2_8x16x1_8x16x1_1x16x1x8_4x4x1_1x1_interwave_v2,13.46,423.3,0.0123
gfx908,120,32,3584,4352,torch.int8,59,0,31.8487,a8w8_rowwise_64x16x16x128_16x16_1x1_8x8x1_8x8x1_1x16x1x4_4x4x1_1x1_intrawave_v2,31.34,501.31,0.0
gfx908,120,32,3584,5120,torch.int8,81,2,36.7737,a8w8_rowwise_128x32x64x128_32x32_1x1_8x16x1_8x16x1_1x16x1x8_8x8x1_1x1_interwave_v2,31.94,509.69,0.0122
gfx908,120,32,3584,17408,torch.int8,81,2,199.4309,a8w8_rowwise_128x32x64x128_32x32_1x1_8x16x1_8x16x1_1x16x1x8_8x8x1_1x1_interwave_v2,20.02,316.78,0.0124
gfx908,120,64,3584,4352,torch.int8,47,1,39.9732,a8w8_rowwise_256x64x64x128_32x32_1x1_8x32x1_8x32x1_1x32x1x8_8x8x1_1x1_intrawave_v3,49.95,408.64,0.0059
gfx908,120,64,3584,5120,torch.int8,47,2,45.6957,a8w8_rowwise_256x64x64x128_32x32_1x1_8x32x1_8x32x1_1x32x1x8_8x8x1_1x1_intrawave_v3,51.4,418.78,0.0123
gfx908,120,64,3584,17408,torch.int8,21,2,231.9106,a8w8_rowwise_256x64x128x256_32x32_1x2_16x16x1_16x16x1_1x32x1x8_8x8x1_1x1_intrawave_v3,34.44,275.81,0.0123
gfx908,120,128,3584,4352,torch.int8,45,1,74.9262,a8w8_rowwise_256x128x64x128_32x32_2x1_8x32x1_8x32x1_1x32x1x8_8x8x1_1x1_intrawave_v3,53.29,227.85,0.006
gfx908,120,128,3584,5120,torch.int8,41,2,87.307,a8w8_rowwise_256x128x128x128_32x32_2x2_8x32x1_8x32x1_1x32x1x8_8x8x1_1x1_intrawave_v5,53.81,228.19,0.0121
gfx908,120,128,3584,17408,torch.int8,10,2,347.3892,a8w8_rowwise_256x128x192x128_32x32_2x3_8x32x1_8x32x1_1x32x1x8_8x8x1_1x1_intrawave_v3,45.98,188.65,0.0123
gfx908,120,256,3584,4352,torch.int8,35,1,129.602,a8w8_rowwise_256x128x128x128_32x32_2x2_8x32x1_8x32x1_1x32x1x8_8x8x1_1x1_intrawave_v4,61.62,143.1,0.0062
gfx908,120,256,3584,5120,torch.int8,12,1,149.8403,a8w8_rowwise_256x128x128x256_32x32_2x2_16x16x1_16x16x1_1x32x1x8_8x8x1_1x1_intrawave_v3,62.7,143.46,0.0065
gfx908,120,256,3584,17408,torch.int8,4,2,561.0262,a8w8_rowwise_256x256x160x128_32x32_2x5_8x32x1_8x32x1_1x64x1x4_8x8x1_2x1_intrawave_v3,56.94,122.42,0.0121
gfx908,120,512,3584,4352,torch.int8,13,0,252.6572,a8w8_rowwise_256x128x128x128_32x32_2x2_8x32x1_8x32x1_1x32x1x8_8x8x1_1x1_intrawave_v3,63.22,85.08,0.0
gfx908,120,512,3584,5120,torch.int8,12,0,292.7229,a8w8_rowwise_256x128x128x256_32x32_2x2_16x16x1_16x16x1_1x32x1x8_8x8x1_1x1_intrawave_v3,64.19,84.18,0.0
gfx908,120,512,3584,17408,torch.int8,12,0,1047.7519,a8w8_rowwise_256x128x128x256_32x32_2x2_16x16x1_16x16x1_1x32x1x8_8x8x1_1x1_intrawave_v3,60.98,71.56,0.0
gfx908,120,1024,3584,4352,torch.int8,5,0,473.8928,a8w8_rowwise_256x256x128x128_32x32_4x2_8x32x1_8x32x1_1x32x1x8_8x8x1_1x1_intrawave_v3,67.41,57.81,0.0
gfx908,120,1024,3584,5120,torch.int8,5,0,551.3396,a8w8_rowwise_256x256x128x128_32x32_4x2_8x32x1_8x32x1_1x32x1x8_8x8x1_1x1_intrawave_v3,68.16,56.11,0.0
gfx908,120,1024,3584,17408,torch.int8,0,1,1861.7081,a8w8_rowwise_256x256x256x64_32x32_4x4_4x64x1_4x64x1_1x32x1x8_8x8x1_1x1_intrawave_v4,68.63,47.03,0.0064
gfx908,120,2048,3584,4352,torch.int8,0,0,854.931,a8w8_rowwise_256x256x256x64_32x32_4x4_4x64x1_4x64x1_1x32x1x8_8x8x1_1x1_intrawave_v4,74.73,45.84,0.0
gfx908,120,2048,3584,5120,torch.int8,1,0,1005.8369,a8w8_rowwise_256x256x256x128_32x32_4x4_8x32x1_8x32x1_1x32x1x8_8x8x1_1x1_intrawave_v3,74.73,43.26,0.0
gfx908,120,2048,3584,17408,torch.int8,37,0,3631.25,a8w8_rowwise_256x256x256x128_16x16_8x8_8x32x1_8x32x1_1x32x1x8_8x8x1_1x2_intrawave_v3,70.38,31.04,0.0
gfx908,120,1,4096,4352,torch.int8,59,0,24.9271,a8w8_rowwise_64x16x16x128_16x16_1x1_8x8x1_8x8x1_1x16x1x4_4x4x1_1x1_intrawave_v2,1.43,715.62,0.0
gfx908,120,1,4096,5120,torch.int8,59,0,28.4539,a8w8_rowwise_64x16x16x128_16x16_1x1_8x8x1_8x8x1_1x16x1x4_4x4x1_1x1_intrawave_v2,1.47,737.5,0.0
gfx908,120,1,4096,17408,torch.int8,61,2,169.7193,a8w8_rowwise_128x16x64x128_16x16_1x2_8x16x1_8x16x1_1x16x1x8_4x4x1_1x1_intrawave_v2,0.84,420.27,0.0132
gfx908,120,2,4096,4352,torch.int8,59,0,25.0487,a8w8_rowwise_64x16x16x128_16x16_1x1_8x8x1_8x8x1_1x16x1x4_4x4x1_1x1_intrawave_v2,2.85,712.65,0.0
gfx908,120,2,4096,5120,torch.int8,59,0,28.6175,a8w8_rowwise_64x16x16x128_16x16_1x1_8x8x1_8x8x1_1x16x1x4_4x4x1_1x1_intrawave_v2,2.93,733.75,0.0
gfx908,120,2,4096,17408,torch.int8,61,2,170.1532,a8w8_rowwise_128x16x64x128_16x16_1x2_8x16x1_8x16x1_1x16x1x8_4x4x1_1x1_intrawave_v2,1.68,419.35,0.0127
gfx908,120,4,4096,4352,torch.int8,59,0,25.3248,a8w8_rowwise_64x16x16x128_16x16_1x1_8x8x1_8x8x1_1x16x1x4_4x4x1_1x1_intrawave_v2,5.63,705.87,0.0
gfx908,120,4,4096,5120,torch.int8,59,0,29.5255,a8w8_rowwise_64x16x16x128_16x16_1x1_8x8x1_8x8x1_1x16x1x4_4x4x1_1x1_intrawave_v2,5.68,712.09,0.0
gfx908,120,4,4096,17408,torch.int8,61,2,169.5255,a8w8_rowwise_128x16x64x128_16x16_1x2_8x16x1_8x16x1_1x16x1x8_4x4x1_1x1_intrawave_v2,3.36,421.21,0.0121
gfx908,120,8,4096,4352,torch.int8,59,0,25.6961,a8w8_rowwise_64x16x16x128_16x16_1x1_8x8x1_8x8x1_1x16x1x4_4x4x1_1x1_intrawave_v2,11.1,697.62,0.0
gfx908,120,8,4096,5120,torch.int8,59,0,28.7577,a8w8_rowwise_64x16x16x128_16x16_1x1_8x8x1_8x8x1_1x16x1x4_4x4x1_1x1_intrawave_v2,11.67,732.95,0.0
gfx908,120,8,4096,17408,torch.int8,80,2,177.7739,a8w8_rowwise_128x16x64x128_16x16_1x2_8x16x1_8x16x1_1x16x1x8_4x4x1_1x1_interwave_v2,6.42,402.24,0.0118
gfx908,120,12,4096,4352,torch.int8,59,0,25.5764,a8w8_rowwise_64x16x16x128_16x16_1x1_8x8x1_8x8x1_1x16x1x4_4x4x1_1x1_intrawave_v2,16.73,702.85,0.0
gfx908,120,12,4096,5120,torch.int8,59,0,30.3452,a8w8_rowwise_64x16x16x128_16x16_1x1_8x8x1_8x8x1_1x16x1x4_4x4x1_1x1_intrawave_v2,16.59,696.36,0.0
gfx908,120,12,4096,17408,torch.int8,80,2,177.3551,a8w8_rowwise_128x16x64x128_16x16_1x2_8x16x1_8x16x1_1x16x1x8_4x4x1_1x1_interwave_v2,9.65,403.77,0.0118
gfx908,120,16,4096,4352,torch.int8,49,0,26.2679,a8w8_rowwise_64x16x16x128_16x16_1x1_8x8x1_8x8x1_1x16x1x4_4x4x1_1x1_intrawave_v1,21.72,686.26,0.0
gfx908,120,16,4096,5120,torch.int8,59,0,30.9343,a8w8_rowwise_64x16x16x128_16x16_1x1_8x8x1_8x8x1_1x16x1x4_4x4x1_1x1_intrawave_v2,21.69,684.82,0.0
gfx908,120,16,4096,17408,torch.int8,80,2,176.5614,a8w8_rowwise_128x16x64x128_16x16_1x2_8x16x1_8x16x1_1x16x1x8_4x4x1_1x1_interwave_v2,12.92,406.16,0.0121
gfx908,120,32,4096,4352,torch.int8,67,1,38.2381,a8w8_rowwise_128x32x16x128_16x16_1x1_8x16x1_8x16x1_1x16x1x8_2x2x1_1x1_interwave_v1,29.84,476.68,0.0064
gfx908,120,32,4096,5120,torch.int8,48,1,45.3981,a8w8_rowwise_128x32x16x128_16x16_1x1_8x16x1_8x16x1_1x16x1x8_2x2x1_1x1_intrawave_v1,29.56,471.33,0.0065
gfx908,120,32,4096,17408,torch.int8,30,0,244.7914,a8w8_rowwise_256x32x64x512_16x16_1x2_32x8x1_32x8x1_1x32x1x8_8x8x1_1x2_intrawave_v3,18.64,294.63,0.0
gfx908,120,64,4096,4352,torch.int8,46,1,60.4558,a8w8_rowwise_256x64x128x128_32x32_1x2_8x32x1_8x32x1_1x32x1x8_8x8x1_1x1_intrawave_v3,37.74,308.14,0.0066
gfx908,120,64,4096,5120,torch.int8,47,2,64.1838,a8w8_rowwise_256x64x64x128_32x32_1x1_8x32x1_8x32x1_1x32x1x8_8x8x1_1x1_intrawave_v3,41.82,340.02,0.0123
gfx908,120,64,4096,17408,torch.int8,23,0,310.4989,a8w8_rowwise_256x64x64x512_32x32_1x1_32x8x1_32x8x1_1x32x1x8_8x8x1_1x1_intrawave_v3,29.39,234.92,0.0
gfx908,120,128,4096,4352,torch.int8,11,2,100.2478,a8w8_rowwise_256x128x160x128_32x32_1x5_8x32x1_8x32x1_1x64x1x4_8x8x1_1x1_intrawave_v3,45.52,193.83,0.0124
gfx908,120,128,4096,5120,torch.int8,11,2,110.0669,a8w8_rowwise_256x128x160x128_32x32_1x5_8x32x1_8x32x1_1x64x1x4_8x8x1_1x1_intrawave_v3,48.78,206.02,0.0121
gfx908,120,128,4096,17408,torch.int8,9,2,414.1315,a8w8_rowwise_256x128x224x128_32x32_1x7_8x32x1_8x32x1_1x64x1x4_8x8x1_1x1_intrawave_v3,44.08,180.09,0.0122
gfx908,120,256,4096,4352,torch.int8,14,0,164.6362,a8w8_rowwise_256x128x96x256_32x32_1x3_16x16x1_16x16x1_1x64x1x4_8x8x1_1x1_intrawave_v3,55.44,127.78,0.0
gfx908,120,256,4096,5120,torch.int8,11,1,198.1843,a8w8_rowwise_256x128x160x128_32x32_1x5_8x32x1_8x32x1_1x64x1x4_8x8x1_1x1_intrawave_v3,54.18,123.01,0.0064
gfx908,120,256,4096,17408,torch.int8,6,1,643.5732,a8w8_rowwise_256x256x96x128_32x32_2x3_8x32x1_8x32x1_1x64x1x4_8x8x1_2x1_intrawave_v3,56.73,120.98,0.0065
gfx908,120,512,4096,4352,torch.int8,11,0,283.5511,a8w8_rowwise_256x128x160x128_32x32_1x5_8x32x1_8x32x1_1x64x1x4_8x8x1_1x1_intrawave_v3,64.38,85.52,0.0
gfx908,120,512,4096,5120,torch.int8,11,0,353.8351,a8w8_rowwise_256x128x160x128_32x32_1x5_8x32x1_8x32x1_1x64x1x4_8x8x1_1x1_intrawave_v3,60.69,78.53,0.0
gfx908,120,512,4096,17408,torch.int8,6,0,1216.6117,a8w8_rowwise_256x256x96x128_32x32_2x3_8x32x1_8x32x1_1x64x1x4_8x8x1_2x1_intrawave_v3,60.01,69.38,0.0
gfx908,120,1024,4096,4352,torch.int8,4,0,528.2233,a8w8_rowwise_256x256x160x128_32x32_2x5_8x32x1_8x32x1_1x64x1x4_8x8x1_2x1_intrawave_v3,69.11,58.06,0.0
gfx908,120,1024,4096,5120,torch.int8,4,0,613.2562,a8w8_rowwise_256x256x160x128_32x32_2x5_8x32x1_8x32x1_1x64x1x4_8x8x1_2x1_intrawave_v3,70.04,56.43,0.0
gfx908,120,1024,4096,17408,torch.int8,4,0,2223.3966,a8w8_rowwise_256x256x160x128_32x32_2x5_8x32x1_8x32x1_1x64x1x4_8x8x1_2x1_intrawave_v3,65.68,43.86,0.0
gfx908,120,2048,4096,4352,torch.int8,4,0,1134.6799,a8w8_rowwise_256x256x160x128_32x32_2x5_8x32x1_8x32x1_1x64x1x4_8x8x1_2x1_intrawave_v3,64.35,38.35,0.0
gfx908,120,2048,4096,5120,torch.int8,4,0,1312.3001,a8w8_rowwise_256x256x160x128_32x32_2x5_8x32x1_8x32x1_1x64x1x4_8x8x1_2x1_intrawave_v3,65.46,36.76,0.0
gfx908,120,2048,4096,17408,torch.int8,4,0,4600.2834,a8w8_rowwise_256x256x160x128_32x32_2x5_8x32x1_8x32x1_1x64x1x4_8x8x1_2x1_intrawave_v3,63.49,26.9,0.0
gfx908,120,1,5120,1024,torch.int8,0,0,37.817,ck_splitk_tuned,0.28,138.94,Null
gfx908,120,1,5120,1536,torch.int8,0,0,45.725,ck_splitk_tuned,0.34,172.25,Null
gfx908,120,1,5120,4352,torch.int8,0,16,90.782,ck_splitk_tuned,0.49,245.61,Null
gfx908,120,1,5120,25600,torch.int8,0,16,447.707,ck_splitk_tuned,0.59,292.84,Null
gfx908,120,2,5120,1024,torch.int8,0,0,35.402,ck_splitk_tuned,0.59,148.73,Null
gfx908,120,2,5120,1536,torch.int8,0,0,45.981,ck_splitk_tuned,0.68,171.55,Null
gfx908,120,2,5120,4352,torch.int8,0,0,90.976,ck_splitk_tuned,0.98,245.25,Null
gfx908,120,2,5120,25600,torch.int8,0,0,447.552,ck_splitk_tuned,1.17,293.02,Null
gfx908,120,4,5120,1024,torch.int8,0,0,35.862,ck_splitk_tuned,1.17,147.45,Null
gfx908,120,4,5120,1536,torch.int8,0,1,46.11,ck_splitk_tuned,1.36,171.58,Null
gfx908,120,4,5120,4352,torch.int8,0,0,91.969,ck_splitk_tuned,1.94,242.91,Null
gfx908,120,4,5120,25600,torch.int8,0,8,448.239,ck_splitk_tuned,2.34,292.74,Null
gfx908,120,8,5120,1024,torch.int8,0,0,39.741,ck_splitk_tuned,2.11,134.19,Null
gfx908,120,8,5120,1536,torch.int8,0,1,47.403,ck_splitk_tuned,2.65,167.89,Null
gfx908,120,8,5120,4352,torch.int8,0,0,91.04,ck_splitk_tuned,3.92,246.03,Null
gfx908,120,8,5120,25600,torch.int8,0,0,447.669,ck_splitk_tuned,4.68,293.43,Null
gfx908,120,16,5120,1024,torch.int8,0,0,41.125,ck_splitk_tuned,4.08,131.87,Null
gfx908,120,16,5120,1536,torch.int8,0,1,49.624,ck_splitk_tuned,5.07,162.28,Null
gfx908,120,16,5120,4352,torch.int8,0,0,91.342,ck_splitk_tuned,7.81,246.5,Null
gfx908,120,16,5120,25600,torch.int8,0,16,452.981,ck_splitk_tuned,9.26,290.62,Null
gfx908,120,32,5120,1024,torch.int8,0,0,63.676,ck_splitk_tuned,5.27,88.0,Null
gfx908,120,32,5120,1536,torch.int8,0,0,68.717,ck_splitk_tuned,7.32,119.93,Null
gfx908,120,32,5120,4352,torch.int8,0,8,186.42,ck_splitk_tuned,7.65,122.03,Null
gfx908,120,32,5120,25600,torch.int8,0,0,1016.386,ck_splitk_tuned,8.25,130.09,Null
gfx908,120,48,5120,1024,torch.int8,0,0,71.579,ck_splitk_tuned,7.03,80.8,Null
gfx908,120,48,5120,1536,torch.int8,0,0,75.296,ck_splitk_tuned,10.03,111.95,Null
gfx908,120,48,5120,4352,torch.int8,0,8,212.72,ck_splitk_tuned,10.06,108.04,Null
gfx908,120,48,5120,25600,torch.int8,0,8,1318.565,ck_splitk_tuned,9.54,100.71,Null
gfx908,120,64,5120,1024,torch.int8,0,1,130.745,ck_splitk_tuned,5.13,45.61,Null
gfx908,120,64,5120,1536,torch.int8,0,1,156.281,ck_splitk_tuned,6.44,55.14,Null
gfx908,120,64,5120,4352,torch.int8,0,1,312.518,ck_splitk_tuned,9.13,74.29,Null
gfx908,120,64,5120,25600,torch.int8,0,3,1148.499,ck_splitk_tuned,14.61,116.12,Null
gfx908,120,80,5120,1024,torch.int8,0,1,133.818,ck_splitk_tuned,6.27,45.91,Null
gfx908,120,80,5120,1536,torch.int8,0,1,159.714,ck_splitk_tuned,7.88,55.14,Null
gfx908,120,80,5120,4352,torch.int8,0,1,317.228,ck_splitk_tuned,11.24,73.92,Null
gfx908,120,80,5120,25600,torch.int8,0,3,1154.183,ck_splitk_tuned,18.17,116.05,Null
gfx908,120,96,5120,1024,torch.int8,0,1,137.584,ck_splitk_tuned,7.32,45.97,Null
gfx908,120,96,5120,1536,torch.int8,0,1,164.106,ck_splitk_tuned,9.2,54.81,Null
gfx908,120,96,5120,4352,torch.int8,0,1,321.252,ck_splitk_tuned,13.32,73.72,Null
gfx908,120,96,5120,25600,torch.int8,0,3,1161.229,ck_splitk_tuned,21.67,115.84,Null
gfx908,120,112,5120,1024,torch.int8,0,1,140.778,ck_splitk_tuned,8.34,46.2,Null
gfx908,120,112,5120,1536,torch.int8,0,1,168.466,ck_splitk_tuned,10.46,54.51,Null
gfx908,120,112,5120,4352,torch.int8,0,1,325.297,ck_splitk_tuned,15.34,73.52,Null
gfx908,120,112,5120,25600,torch.int8,0,3,1174.263,ck_splitk_tuned,25.0,115.04,Null
gfx908,120,128,5120,1024,torch.int8,0,1,143.768,ck_splitk_tuned,9.34,46.5,Null
gfx908,120,128,5120,1536,torch.int8,0,1,172.711,ck_splitk_tuned,11.66,54.26,Null
gfx908,120,128,5120,4352,torch.int8,0,1,329.372,ck_splitk_tuned,17.32,73.32,Null
gfx908,120,128,5120,25600,torch.int8,0,3,1180.797,ck_splitk_tuned,28.42,114.89,Null
gfx908,120,160,5120,1024,torch.int8,0,0,169.631,ck_splitk_tuned,9.89,41.53,Null
gfx908,120,160,5120,1536,torch.int8,0,0,221.626,ck_splitk_tuned,11.36,43.99,Null
gfx908,120,160,5120,4352,torch.int8,0,2,497.63,ck_splitk_tuned,14.33,49.47,Null
gfx908,120,160,5120,25600,torch.int8,0,2,2190.937,ck_splitk_tuned,19.14,62.44,Null
gfx908,120,192,5120,1024,torch.int8,0,0,171.578,ck_splitk_tuned,11.73,43.16,Null
gfx908,120,192,5120,1536,torch.int8,0,0,222.717,ck_splitk_tuned,13.56,45.46,Null
gfx908,120,192,5120,4352,torch.int8,0,2,509.542,ck_splitk_tuned,16.79,49.23,Null
gfx908,120,192,5120,25600,torch.int8,0,2,2200.75,ck_splitk_tuned,22.87,62.68,Null
gfx908,120,256,5120,1024,torch.int8,0,0,171.348,ck_splitk_tuned,15.67,47.43,Null
gfx908,120,256,5120,1536,torch.int8,0,0,224.188,ck_splitk_tuned,17.96,48.53,Null
gfx908,120,256,5120,4352,torch.int8,0,2,535.439,ck_splitk_tuned,21.31,48.59,Null
gfx908,120,256,5120,25600,torch.int8,0,2,2215.02,ck_splitk_tuned,30.3,63.32,Null
gfx908,120,320,5120,1024,torch.int8,0,0,178.026,ck_splitk_tuned,18.85,49.7,Null
gfx908,120,320,5120,1536,torch.int8,0,0,229.279,ck_splitk_tuned,21.95,50.74,Null
gfx908,120,320,5120,4352,torch.int8,0,0,544.815,ck_splitk_tuned,26.18,49.47,Null
gfx908,120,320,5120,25600,torch.int8,0,1,2901.156,ck_splitk_tuned,28.91,49.13,Null
gfx908,120,384,5120,1024,torch.int8,0,0,179.948,ck_splitk_tuned,22.38,53.17,Null
gfx908,120,384,5120,1536,torch.int8,0,0,230.165,ck_splitk_tuned,26.24,53.81,Null
gfx908,120,384,5120,4352,torch.int8,0,0,546.649,ck_splitk_tuned,31.3,51.01,Null
gfx908,120,384,5120,25600,torch.int8,0,0,2903.401,ck_splitk_tuned,34.67,49.88,Null
gfx908,120,512,5120,1024,torch.int8,0,0,295.789,ck_splitk_tuned,18.15,37.22,Null
gfx908,120,512,5120,1536,torch.int8,0,0,397.215,ck_splitk_tuned,20.27,34.98,Null
gfx908,120,512,5120,4352,torch.int8,0,1,865.914,ck_splitk_tuned,26.35,34.36,Null
gfx908,120,512,5120,25600,torch.int8,0,3,4112.32,ck_splitk_tuned,32.64,36.34,Null
gfx908,120,640,5120,1024,torch.int8,0,0,302.705,ck_splitk_tuned,22.17,41.14,Null
gfx908,120,640,5120,1536,torch.int8,0,0,403.093,ck_splitk_tuned,24.97,38.21,Null
gfx908,120,640,5120,4352,torch.int8,0,0,1019.082,ck_splitk_tuned,27.99,31.03,Null
gfx908,120,640,5120,25600,torch.int8,0,2,5061.51,ck_splitk_tuned,33.15,30.43,Null
gfx908,120,1024,5120,1024,torch.int8,0,0,668.941,ck_splitk_tuned,16.05,25.08,Null
gfx908,120,1024,5120,1536,torch.int8,0,0,939.662,ck_splitk_tuned,17.14,21.2,Null
gfx908,120,1024,5120,4352,torch.int8,0,1,2311.968,ck_splitk_tuned,19.74,16.1,Null
gfx908,120,1024,5120,25600,torch.int8,0,3,10932.577,ck_splitk_tuned,24.55,15.35,Null
gfx908,120,1280,5120,1024,torch.int8,0,0,672.229,ck_splitk_tuned,19.97,29.25,Null
gfx908,120,1280,5120,1536,torch.int8,0,0,938.178,ck_splitk_tuned,21.46,24.45,Null
gfx908,120,1280,5120,4352,torch.int8,0,0,2482.525,ck_splitk_tuned,22.98,16.5,Null
gfx908,120,1280,5120,25600,torch.int8,0,3,13478.026,ck_splitk_tuned,24.9,13.13,Null
gfx908,120,2048,5120,1024,torch.int8,0,0,1105.462,ck_splitk_tuned,19.43,25.61,Null
gfx908,120,2048,5120,1536,torch.int8,0,0,1576.959,ck_splitk_tuned,20.43,20.28,Null
gfx908,120,2048,5120,4352,torch.int8,0,1,4162.188,ck_splitk_tuned,21.93,12.53,Null
gfx908,120,2048,5120,25600,torch.int8,0,3,21030.264,ck_splitk_tuned,25.53,9.72,Null
gfx908,120,1,8704,5120,torch.int8,0,8,171.946,ck_splitk_tuned,0.52,259.31,Null
gfx908,120,2,8704,5120,torch.int8,0,0,171.827,ck_splitk_tuned,1.04,259.62,Null
gfx908,120,4,8704,5120,torch.int8,0,0,172.143,ck_splitk_tuned,2.07,259.4,Null
gfx908,120,8,8704,5120,torch.int8,0,0,172.317,ck_splitk_tuned,4.14,259.67,Null
gfx908,120,16,8704,5120,torch.int8,0,0,173.761,ck_splitk_tuned,8.21,258.54,Null
gfx908,120,32,8704,5120,torch.int8,0,1,381.172,ck_splitk_tuned,7.48,118.81,Null
gfx908,120,48,8704,5120,torch.int8,0,0,475.168,ck_splitk_tuned,9.0,96.06,Null
gfx908,120,64,8704,5120,torch.int8,0,3,484.339,ck_splitk_tuned,11.78,94.99,Null
gfx908,120,80,8704,5120,torch.int8,0,3,488.756,ck_splitk_tuned,14.59,94.87,Null
gfx908,120,96,8704,5120,torch.int8,0,3,497.582,ck_splitk_tuned,17.2,93.91,Null
gfx908,120,112,8704,5120,torch.int8,0,3,514.439,ck_splitk_tuned,19.4,91.53,Null
gfx908,120,128,8704,5120,torch.int8,0,3,530.807,ck_splitk_tuned,21.49,89.39,Null
gfx908,120,160,8704,5120,torch.int8,0,2,838.382,ck_splitk_tuned,17.01,57.45,Null
gfx908,120,192,8704,5120,torch.int8,0,2,854.234,ck_splitk_tuned,20.03,57.23,Null
gfx908,120,256,8704,5120,torch.int8,0,2,885.49,ck_splitk_tuned,25.77,56.84,Null
gfx908,120,320,8704,5120,torch.int8,0,0,1182.642,ck_splitk_tuned,24.12,43.78,Null
gfx908,120,384,8704,5120,torch.int8,0,0,1180.921,ck_splitk_tuned,28.98,45.06,Null
gfx908,120,512,8704,5120,torch.int8,0,1,1577.797,ck_splitk_tuned,28.92,35.56,Null
gfx908,120,640,8704,5120,torch.int8,0,0,1747.215,ck_splitk_tuned,32.65,33.76,Null
gfx908,120,1024,8704,5120,torch.int8,0,1,4217.896,ck_splitk_tuned,21.64,16.03,Null
gfx908,120,1280,8704,5120,torch.int8,0,1,4816.897,ck_splitk_tuned,23.68,15.24,Null
gfx908,120,2048,8704,5120,torch.int8,0,8,7796.41,ck_splitk_tuned,23.41,11.63,Null
gfx908,120,1,62080,5120,torch.int8,0,2,1072.601,ck_splitk_tuned,0.59,296.46,Null
gfx908,120,2,62080,5120,torch.int8,0,2,1074.763,ck_splitk_tuned,1.18,295.98,Null
gfx908,120,4,62080,5120,torch.int8,0,2,1078.852,ck_splitk_tuned,2.36,295.1,Null
gfx908,120,8,62080,5120,torch.int8,0,1,1086.219,ck_splitk_tuned,4.68,293.57,Null
gfx908,120,16,62080,5120,torch.int8,0,0,1190.732,ck_splitk_tuned,8.54,268.67,Null
gfx908,120,32,62080,5120,torch.int8,0,16,2438.092,ck_splitk_tuned,8.34,132.06,Null
gfx908,120,48,62080,5120,torch.int8,0,16,3585.694,ck_splitk_tuned,8.51,90.37,Null
gfx908,120,64,62080,5120,torch.int8,0,2,2640.626,ck_splitk_tuned,15.41,123.5,Null
gfx908,120,80,62080,5120,torch.int8,0,2,2671.715,ck_splitk_tuned,19.03,122.84,Null
gfx908,120,96,62080,5120,torch.int8,0,2,2704.768,ck_splitk_tuned,22.56,122.1,Null
gfx908,120,112,62080,5120,torch.int8,0,1,2745.162,ck_splitk_tuned,25.94,121.06,Null
gfx908,120,128,62080,5120,torch.int8,0,1,2759.271,ck_splitk_tuned,29.49,121.19,Null
gfx908,120,160,62080,5120,torch.int8,0,1,5033.856,ck_splitk_tuned,20.21,67.25,Null
gfx908,120,192,62080,5120,torch.int8,0,1,5088.195,ck_splitk_tuned,23.99,67.35,Null
gfx908,120,256,62080,5120,torch.int8,0,0,5101.903,ck_splitk_tuned,31.9,68.79,Null
gfx908,120,320,62080,5120,torch.int8,0,6,7325.281,ck_splitk_tuned,27.77,49.04,Null
gfx908,120,384,62080,5120,torch.int8,0,8,7342.99,ck_splitk_tuned,33.24,50.05,Null
gfx908,120,512,62080,5120,torch.int8,0,8,9578.105,ck_splitk_tuned,33.98,40.1,Null
gfx908,120,640,62080,5120,torch.int8,0,0,11809.795,ck_splitk_tuned,34.45,33.92,Null
gfx908,120,1024,62080,5120,torch.int8,0,8,25422.215,ck_splitk_tuned,25.61,17.71,Null
gfx942,80,1,1280,8192,torch.int8,34,0,20.5611,a8w8_rowwise_256x16x64x512_16x16_1x1_32x8x1_32x8x1_1x16x1x16_4x4x1_1x1_intrawave_v3,1.02,510.5,0.0
gfx942,80,32,1280,8192,torch.int8,34,0,19.9841,a8w8_rowwise_256x16x64x512_16x16_1x1_32x8x1_32x8x1_1x16x1x16_4x4x1_1x1_intrawave_v3,33.58,541.92,0.0
gfx942,80,64,1280,8192,torch.int8,34,0,19.6589,a8w8_rowwise_256x16x64x512_16x16_1x1_32x8x1_32x8x1_1x16x1x16_4x4x1_1x1_intrawave_v3,68.27,568.39,0.0
gfx942,80,128,1280,8192,torch.int8,30,0,23.3376,a8w8_rowwise_256x32x64x512_16x16_1x2_32x8x1_32x8x1_1x32x1x8_8x8x1_1x2_intrawave_v3,115.02,508.28,0.0
gfx942,80,192,1280,8192,torch.int8,23,0,33.0028,a8w8_rowwise_256x64x64x512_32x32_1x1_32x8x1_32x8x1_1x32x1x8_8x8x1_1x1_intrawave_v3,122.01,380.28,0.0
gfx942,80,256,1280,8192,torch.int8,23,0,33.3204,a8w8_rowwise_256x64x64x512_32x32_1x1_32x8x1_32x8x1_1x32x1x8_8x8x1_1x1_intrawave_v3,161.12,397.3,0.0
gfx942,80,320,1280,8192,torch.int8,21,0,54.4822,a8w8_rowwise_256x64x128x256_32x32_1x2_16x16x1_16x16x1_1x32x1x8_8x8x1_1x1_intrawave_v3,123.18,255.61,0.0
gfx942,80,512,1280,8192,torch.int8,21,0,55.0378,a8w8_rowwise_256x64x128x256_32x32_1x2_16x16x1_16x16x1_1x32x1x8_8x8x1_1x1_intrawave_v3,195.09,290.54,0.0
gfx942,80,1024,1280,8192,torch.int8,13,0,88.6516,a8w8_rowwise_256x128x128x128_32x32_2x2_8x32x1_8x32x1_1x32x1x8_8x8x1_1x1_intrawave_v3,242.24,242.48,0.0
gfx942,80,2048,1280,8192,torch.int8,13,0,140.7575,a8w8_rowwise_256x128x128x128_32x32_2x2_8x32x1_8x32x1_1x32x1x8_8x8x1_1x1_intrawave_v3,305.13,230.94,0.0
gfx942,80,4096,1280,8192,torch.int8,13,0,275.3109,a8w8_rowwise_256x128x128x128_32x32_2x2_8x32x1_8x32x1_1x32x1x8_8x8x1_1x1_intrawave_v3,312.01,198.05,0.0
gfx942,80,8192,1280,8192,torch.int8,13,0,545.0371,a8w8_rowwise_256x128x128x128_32x32_2x2_8x32x1_8x32x1_1x32x1x8_8x8x1_1x1_intrawave_v3,315.21,180.84,0.0
gfx942,80,16384,1280,8192,torch.int8,13,0,1075.9373,a8w8_rowwise_256x128x128x128_32x32_2x2_8x32x1_8x32x1_1x32x1x8_8x8x1_1x1_intrawave_v3,319.35,173.47,0.0
gfx942,80,1,8192,1024,torch.int8,78,0,9.1327,a8w8_rowwise_64x16x16x128_16x16_1x1_8x8x1_8x8x1_1x16x1x4_4x4x1_1x1_interwave_v2,1.84,920.43,0.0
gfx942,80,32,8192,1024,torch.int8,28,0,9.9382,a8w8_rowwise_256x32x128x256_32x32_1x1_16x16x1_16x16x1_1x32x1x8_8x8x1_1x1_intrawave_v3,54.02,900.13,0.0
gfx942,80,64,8192,1024,torch.int8,21,0,13.6554,a8w8_rowwise_256x64x128x256_32x32_1x2_16x16x1_16x16x1_1x32x1x8_8x8x1_1x1_intrawave_v3,78.63,695.89,0.0
gfx942,80,128,8192,1024,torch.int8,45,0,20.3684,a8w8_rowwise_256x128x64x128_32x32_2x1_8x32x1_8x32x1_1x32x1x8_8x8x1_1x1_intrawave_v3,105.43,521.24,0.0
gfx942,80,192,8192,1024,torch.int8,47,0,26.1312,a8w8_rowwise_256x64x64x128_32x32_1x1_8x32x1_8x32x1_1x32x1x8_8x8x1_1x1_intrawave_v3,123.27,448.92,0.0
gfx942,80,256,8192,1024,torch.int8,13,0,29.7436,a8w8_rowwise_256x128x128x128_32x32_2x2_8x32x1_8x32x1_1x32x1x8_8x8x1_1x1_intrawave_v3,144.4,431.86,0.0
gfx942,80,320,8192,1024,torch.int8,47,0,39.6412,a8w8_rowwise_256x64x64x128_32x32_1x1_8x32x1_8x32x1_1x32x1x8_8x8x1_1x1_intrawave_v3,135.43,352.14,0.0
gfx942,80,512,8192,1024,torch.int8,13,0,52.947,a8w8_rowwise_256x128x128x128_32x32_2x2_8x32x1_8x32x1_1x32x1x8_8x8x1_1x1_intrawave_v3,162.24,326.77,0.0
gfx942,80,1024,8192,1024,torch.int8,13,0,90.2628,a8w8_rowwise_256x128x128x128_32x32_2x2_8x32x1_8x32x1_1x32x1x8_8x8x1_1x1_intrawave_v3,190.33,290.42,0.0
gfx942,80,2048,8192,1024,torch.int8,41,0,165.9552,a8w8_rowwise_256x128x128x128_32x32_2x2_8x32x1_8x32x1_1x32x1x8_8x8x1_1x1_intrawave_v5,207.04,265.37,0.0
gfx942,80,4096,8192,1024,torch.int8,13,0,305.9089,a8w8_rowwise_256x128x128x128_32x32_2x2_8x32x1_8x32x1_1x32x1x8_8x8x1_1x1_intrawave_v3,224.64,260.51,0.0
gfx942,80,8192,8192,1024,torch.int8,13,0,598.5803,a8w8_rowwise_256x128x128x128_32x32_2x2_8x32x1_8x32x1_1x32x1x8_8x8x1_1x1_intrawave_v3,229.61,252.26,0.0
gfx942,80,16384,8192,1024,torch.int8,13,0,1176.7808,a8w8_rowwise_256x128x128x128_32x32_2x2_8x32x1_8x32x1_1x32x1x8_8x8x1_1x1_intrawave_v3,233.58,249.5,0.0
gfx950,256,1,100,5120,torch.int8,34,0,8.7502,a8w8_rowwise_256x16x64x512_16x16_1x1_32x8x1_32x8x1_1x16x1x16_4x4x1_1x1_intrawave_v3,0.12,59.12,0.0
gfx950,256,16,100,5120,torch.int8,34,0,8.7447,a8w8_rowwise_256x16x64x512_16x16_1x1_32x8x1_32x8x1_1x16x1x16_4x4x1_1x1_intrawave_v3,1.87,68.28,0.0
gfx950,256,32,100,5120,torch.int8,34,0,9.2459,a8w8_rowwise_256x16x64x512_16x16_1x1_32x8x1_32x8x1_1x16x1x16_4x4x1_1x1_intrawave_v3,3.54,73.79,0.0
gfx950,256,64,100,5120,torch.int8,34,0,9.6716,a8w8_rowwise_256x16x64x512_16x16_1x1_32x8x1_32x8x1_1x16x1x16_4x4x1_1x1_intrawave_v3,6.78,88.14,0.0
gfx950,256,128,100,5120,torch.int8,34,0,10.6683,a8w8_rowwise_256x16x64x512_16x16_1x1_32x8x1_32x8x1_1x16x1x16_4x4x1_1x1_intrawave_v3,12.29,111.82,0.0
gfx950,256,256,100,5120,torch.int8,34,0,10.9556,a8w8_rowwise_256x16x64x512_16x16_1x1_32x8x1_32x8x1_1x16x1x16_4x4x1_1x1_intrawave_v3,23.93,171.05,0.0
gfx950,256,512,100,5120,torch.int8,34,0,11.1055,a8w8_rowwise_256x16x64x512_16x16_1x1_32x8x1_32x8x1_1x16x1x16_4x4x1_1x1_intrawave_v3,47.21,291.37,0.0
gfx950,256,1024,100,5120,torch.int8,34,0,11.6746,a8w8_rowwise_256x16x64x512_16x16_1x1_32x8x1_32x8x1_1x16x1x16_4x4x1_1x1_intrawave_v3,89.82,510.48,0.0
gfx950,256,2048,100,5120,torch.int8,34,0,11.6595,a8w8_rowwise_256x16x64x512_16x16_1x1_32x8x1_32x8x1_1x16x1x16_4x4x1_1x1_intrawave_v3,179.87,978.37,0.0
gfx950,256,4096,100,5120,torch.int8,34,0,16.1651,a8w8_rowwise_256x16x64x512_16x16_1x1_32x8x1_32x8x1_1x16x1x16_4x4x1_1x1_intrawave_v3,259.47,1379.68,0.0
gfx950,256,8192,100,5120,torch.int8,29,0,27.2037,a8w8_rowwise_256x32x96x256_16x16_1x3_16x16x1_16x16x1_1x32x1x8_4x4x1_1x1_intrawave_v3,308.36,1620.86,0.0
gfx950,256,16384,100,5120,torch.int8,27,0,42.6746,a8w8_rowwise_256x32x160x256_16x16_1x5_16x16x1_16x16x1_1x32x1x8_4x4x1_1x1_intrawave_v3,393.14,2054.5,0.0
gfx950,256,32768,100,5120,torch.int8,27,0,78.5325,a8w8_rowwise_256x32x160x256_16x16_1x5_16x16x1_16x16x1_1x32x1x8_4x4x1_1x1_intrawave_v3,427.27,2226.31,0.0
gfx950,256,128,128,49920,torch.float8_e4m3fn,34,0,75.6047,a8w8_rowwise_256x16x64x512_16x16_1x1_32x8x1_32x8x1_1x16x1x16_4x4x1_1x1_intrawave_v3,21.64,169.46,0.0
gfx950,256,128,128,80000,torch.float8_e4m3fn,34,0,119.6585,a8w8_rowwise_256x16x64x512_16x16_1x1_32x8x1_32x8x1_1x16x1x16_4x4x1_1x1_intrawave_v3,21.91,171.43,0.0
gfx950,256,128,128,222336,torch.float8_e4m3fn,34,0,324.8197,a8w8_rowwise_256x16x64x512_16x16_1x1_32x8x1_32x8x1_1x16x1x16_4x4x1_1x1_intrawave_v3,22.43,175.33,0.0001
gfx950,256,128,128,254848,torch.float8_e4m3fn,34,0,371.2338,a8w8_rowwise_256x16x64x512_16x16_1x1_32x8x1_32x8x1_1x16x1x16_4x4x1_1x1_intrawave_v3,22.49,175.83,0.0002
gfx950,256,128,128,322816,torch.float8_e4m3fn,34,0,466.5241,a8w8_rowwise_256x16x64x512_16x16_1x1_32x8x1_32x8x1_1x16x1x16_4x4x1_1x1_intrawave_v3,22.67,177.21,0.0001
gfx950,256,128,128,423168,torch.float8_e4m3fn,34,0,611.0012,a8w8_rowwise_256x16x64x512_16x16_1x1_32x8x1_32x8x1_1x16x1x16_4x4x1_1x1_intrawave_v3,22.69,177.35,0.0002
gfx950,256,128,128,620160,torch.float8_e4m3fn,34,0,897.8064,a8w8_rowwise_256x16x64x512_16x16_1x1_32x8x1_32x8x1_1x16x1x16_4x4x1_1x1_intrawave_v3,22.63,176.87,0.0002
gfx950,256,128,128,659584,torch.float8_e4m3fn,34,0,953.0292,a8w8_rowwise_256x16x64x512_16x16_1x1_32x8x1_32x8x1_1x16x1x16_4x4x1_1x1_intrawave_v3,22.68,177.21,0.0002
gfx950,256,128,128,796544,torch.float8_e4m3fn,34,0,1151.3783,a8w8_rowwise_256x16x64x512_16x16_1x1_32x8x1_32x8x1_1x16x1x16_4x4x1_1x1_intrawave_v3,22.67,177.13,0.0004
gfx950,256,128,128,941696,torch.float8_e4m3fn,34,0,1362.3745,a8w8_rowwise_256x16x64x512_16x16_1x1_32x8x1_32x8x1_1x16x1x16_4x4x1_1x1_intrawave_v3,22.65,176.98,0.0002
gfx950,256,640,128,128,torch.float8_e4m3fn,50,0,2.799,a8w8_rowwise_128x16x32x128_16x16_1x1_8x16x1_8x16x1_1x16x1x8_4x4x1_1x1_intrawave_v1,7.49,93.66,0.0
gfx950,256,64,192,1024,torch.int8,77,0,4.1582,a8w8_rowwise_64x16x16x64_16x16_1x1_4x16x1_4x16x1_1x16x1x4_4x4x1_1x1_interwave_v2,6.05,68.95,0.0
gfx950,256,1,200,5120,torch.int8,34,0,9.0193,a8w8_rowwise_256x16x64x512_16x16_1x1_32x8x1_32x8x1_1x16x1x16_4x4x1_1x1_intrawave_v3,0.23,114.15,0.0
gfx950,256,16,200,5120,torch.int8,34,0,10.4705,a8w8_rowwise_256x16x64x512_16x16_1x1_32x8x1_32x8x1_1x16x1x16_4x4x1_1x1_intrawave_v3,3.13,106.23,0.0
gfx950,256,32,200,5120,torch.int8,34,0,10.4825,a8w8_rowwise_256x16x64x512_16x16_1x1_32x8x1_32x8x1_1x16x1x16_4x4x1_1x1_intrawave_v3,6.25,114.54,0.0
gfx950,256,64,200,5120,torch.int8,34,0,9.9254,a8w8_rowwise_256x16x64x512_16x16_1x1_32x8x1_32x8x1_1x16x1x16_4x4x1_1x1_intrawave_v3,13.21,138.76,0.0
gfx950,256,128,200,5120,torch.int8,34,0,9.652,a8w8_rowwise_256x16x64x512_16x16_1x1_32x8x1_32x8x1_1x16x1x16_4x4x1_1x1_intrawave_v3,27.16,179.3,0.0
gfx950,256,256,200,5120,torch.int8,34,0,9.8147,a8w8_rowwise_256x16x64x512_16x16_1x1_32x8x1_32x8x1_1x16x1x16_4x4x1_1x1_intrawave_v3,53.42,248.31,0.0
gfx950,256,512,200,5120,torch.int8,34,0,11.8774,a8w8_rowwise_256x16x64x512_16x16_1x1_32x8x1_32x8x1_1x16x1x16_4x4x1_1x1_intrawave_v3,88.28,324.17,0.0
gfx950,256,1024,200,5120,torch.int8,34,0,12.0055,a8w8_rowwise_256x16x64x512_16x16_1x1_32x8x1_32x8x1_1x16x1x16_4x4x1_1x1_intrawave_v3,174.68,556.12,0.0
gfx950,256,2048,200,5120,torch.int8,30,0,13.0876,a8w8_rowwise_256x32x64x512_16x16_1x2_32x8x1_32x8x1_1x32x1x8_8x8x1_1x2_intrawave_v3,320.48,942.03,0.0
gfx950,256,4096,200,5120,torch.int8,23,0,15.2341,a8w8_rowwise_256x64x64x512_32x32_1x1_32x8x1_32x8x1_1x32x1x8_8x8x1_1x1_intrawave_v3,550.65,1551.38,0.0
gfx950,256,8192,200,5120,torch.int8,21,0,25.2734,a8w8_rowwise_256x64x128x256_32x32_1x2_16x16x1_16x16x1_1x32x1x8_8x8x1_1x1_intrawave_v3,663.83,1829.74,0.0
gfx950,256,16384,200,5120,torch.int8,21,0,44.0772,a8w8_rowwise_256x64x128x256_32x32_1x2_16x16x1_16x16x1_1x32x1x8_8x8x1_1x1_intrawave_v3,761.27,2075.08,0.0
gfx950,256,32768,200,5120,torch.int8,21,0,82.0643,a8w8_rowwise_256x64x128x256_32x32_1x2_16x16x1_16x16x1_1x32x1x8_8x8x1_1x1_intrawave_v3,817.76,2216.6,0.0
gfx950,256,128,256,256,torch.float8_e4m3fn,68,0,3.1268,a8w8_rowwise_64x16x16x128_16x16_1x1_8x8x1_8x8x1_1x16x1x4_4x4x1_1x1_interwave_v1,5.37,52.4,0.0
gfx950,256,128,256,1024,torch.float8_e4m3fn,79,0,4.0962,a8w8_rowwise_128x16x32x128_16x16_1x1_8x16x1_8x16x1_1x16x1x8_4x4x1_1x1_interwave_v2,16.38,111.99,0.0
gfx950,256,256,256,128,torch.float8_e4m3fn,49,0,2.7541,a8w8_rowwise_64x16x16x128_16x16_1x1_8x8x1_8x8x1_1x16x1x4_4x4x1_1x1_intrawave_v1,6.09,71.39,0.0
gfx950,256,640,256,768,torch.float8_e4m3fn,79,0,3.9362,a8w8_rowwise_128x16x32x128_16x16_1x1_8x16x1_8x16x1_1x16x1x8_4x4x1_1x1_interwave_v2,63.93,258.07,0.0
gfx950,256,35200,256,19968,torch.float8_e4m3fn,1,0,245.3664,a8w8_rowwise_256x256x256x128_32x32_4x4_8x32x1_8x32x1_1x32x1x8_8x8x1_1x1_intrawave_v3,1466.67,2958.87,0.0
gfx950,256,640,384,128,torch.float8_e4m3fn,49,0,2.9702,a8w8_rowwise_64x16x16x128_16x16_1x1_8x8x1_8x8x1_1x16x1x4_4x4x1_1x1_intrawave_v1,21.18,209.61,0.0
gfx950,256,256,512,640,torch.float8_e4m3fn,79,0,3.6844,a8w8_rowwise_128x16x32x128_16x16_1x1_8x16x1_8x16x1_1x16x1x8_4x4x1_1x1_interwave_v2,45.54,204.56,0.0
gfx950,256,640,768,896,torch.float8_e4m3fn,76,0,5.2439,a8w8_rowwise_128x32x16x128_16x16_1x1_8x16x1_8x16x1_1x16x1x8_2x2x1_1x1_interwave_v2,167.97,428.04,0.0
gfx950,256,1,800,5120,torch.int8,34,0,11.5471,a8w8_rowwise_256x16x64x512_16x16_1x1_32x8x1_32x8x1_1x16x1x16_4x4x1_1x1_intrawave_v3,0.71,355.3,0.0
gfx950,256,16,800,5120,torch.int8,34,0,11.7219,a8w8_rowwise_256x16x64x512_16x16_1x1_32x8x1_32x8x1_1x16x1x16_4x4x1_1x1_intrawave_v3,11.18,358.6,0.0
gfx950,256,32,800,5120,torch.int8,34,0,11.9874,a8w8_rowwise_256x16x64x512_16x16_1x1_32x8x1_32x8x1_1x16x1x16_4x4x1_1x1_intrawave_v3,21.87,359.63,0.0
gfx950,256,64,800,5120,torch.int8,34,0,12.0241,a8w8_rowwise_256x16x64x512_16x16_1x1_32x8x1_32x8x1_1x16x1x16_4x4x1_1x1_intrawave_v3,43.6,376.42,0.0
gfx950,256,128,800,5120,torch.int8,34,0,11.5628,a8w8_rowwise_256x16x64x512_16x16_1x1_32x8x1_32x8x1_1x16x1x16_4x4x1_1x1_intrawave_v3,90.69,428.63,0.0
gfx950,256,256,800,5120,torch.int8,34,0,11.8423,a8w8_rowwise_256x16x64x512_16x16_1x1_32x8x1_32x8x1_1x16x1x16_4x4x1_1x1_intrawave_v3,177.09,491.15,0.0
gfx950,256,512,800,5120,torch.int8,30,0,13.1908,a8w8_rowwise_256x32x64x512_16x16_1x2_32x8x1_32x8x1_1x32x1x8_8x8x1_1x2_intrawave_v3,317.97,571.36,0.0
gfx950,256,1024,800,5120,torch.int8,23,0,15.5235,a8w8_rowwise_256x64x64x512_32x32_1x1_32x8x1_32x8x1_1x32x1x8_8x8x1_1x1_intrawave_v3,540.38,707.14,0.0
gfx950,256,2048,800,5120,torch.int8,23,0,24.3923,a8w8_rowwise_256x64x64x512_32x32_1x1_32x8x1_32x8x1_1x32x1x8_8x8x1_1x1_intrawave_v3,687.81,732.14,0.0
gfx950,256,4096,800,5120,torch.int8,15,0,36.4711,a8w8_rowwise_256x128x64x256_32x32_2x1_16x16x1_16x16x1_1x32x1x8_8x8x1_1x1_intrawave_v3,920.03,867.02,0.0
gfx950,256,8192,800,5120,torch.int8,41,0,65.9722,a8w8_rowwise_256x128x128x128_32x32_2x2_8x32x1_8x32x1_1x32x1x8_8x8x1_1x1_intrawave_v5,1017.23,896.53,0.0
gfx950,256,16384,800,5120,torch.int8,1,0,111.2384,a8w8_rowwise_256x256x256x128_32x32_4x4_8x32x1_8x32x1_1x32x1x8_8x8x1_1x1_intrawave_v3,1206.58,1026.59,0.0
gfx950,256,32768,800,5120,torch.int8,1,0,216.0528,a8w8_rowwise_256x256x256x128_32x32_4x4_8x32x1_8x32x1_1x32x1x8_8x8x1_1x1_intrawave_v3,1242.45,1038.16,0.0
gfx950,256,16,1024,8192,torch.float8_e4m3fn,79,3,8.199,a8w8_rowwise_128x16x32x128_16x16_1x1_8x16x1_8x16x1_1x16x1x8_4x4x1_1x1_interwave_v2,32.74,1043.11,0.1616
gfx950,256,32,1024,8192,torch.float8_e4m3fn,79,3,8.7911,a8w8_rowwise_128x16x32x128_16x16_1x1_8x16x1_8x16x1_1x16x1x8_4x4x1_1x1_interwave_v2,61.07,991.49,0.1586
gfx950,256,64,1024,8192,torch.float8_e4m3fn,34,2,9.0741,a8w8_rowwise_256x16x64x512_16x16_1x1_32x8x1_32x8x1_1x16x1x16_4x4x1_1x1_intrawave_v3,118.33,996.68,0.1083
gfx950,256,128,1024,8192,torch.float8_e4m3fn,34,2,12.0372,a8w8_rowwise_256x16x64x512_16x16_1x1_32x8x1_32x8x1_1x16x1x16_4x4x1_1x1_intrawave_v3,178.4,805.78,0.1084
gfx950,256,256,1024,8192,torch.float8_e4m3fn,34,0,14.7059,a8w8_rowwise_256x16x64x512_16x16_1x1_32x8x1_32x8x1_1x16x1x16_4x4x1_1x1_intrawave_v3,292.06,748.68,0.0
gfx950,256,1,1280,8192,torch.float8_e4m3fn,79,3,7.6797,a8w8_rowwise_128x16x32x128_16x16_1x1_8x16x1_8x16x1_1x16x1x8_4x4x1_1x1_interwave_v2,2.73,1366.79,0.1344
gfx950,256,1,1280,8192,torch.int8,34,0,17.6914,a8w8_rowwise_256x16x64x512_16x16_1x1_32x8x1_32x8x1_1x16x1x16_4x4x1_1x1_intrawave_v3,1.19,593.31,0.0
gfx950,256,16,1280,8192,torch.float8_e4m3fn,79,3,8.8968,a8w8_rowwise_128x16x32x128_16x16_1x1_8x16x1_8x16x1_1x16x1x8_4x4x1_1x1_interwave_v2,37.72,1197.94,0.1643
gfx950,256,16,1280,8192,torch.int8,34,0,15.0987,a8w8_rowwise_256x16x64x512_16x16_1x1_32x8x1_32x8x1_1x16x1x16_4x4x1_1x1_intrawave_v3,22.22,705.87,0.0
gfx950,256,32,1280,8192,torch.float8_e4m3fn,60,3,9.3466,a8w8_rowwise_128x16x32x128_16x16_1x1_8x16x1_8x16x1_1x16x1x8_4x4x1_1x1_intrawave_v2,71.8,1158.69,0.1581
gfx950,256,32,1280,8192,torch.int8,34,0,14.9955,a8w8_rowwise_256x16x64x512_16x16_1x1_32x8x1_32x8x1_1x16x1x16_4x4x1_1x1_intrawave_v3,44.75,722.2,0.0
gfx950,256,64,1280,8192,torch.float8_e4m3fn,79,2,11.0767,a8w8_rowwise_128x16x32x128_16x16_1x1_8x16x1_8x16x1_1x16x1x8_4x4x1_1x1_interwave_v2,121.17,1008.77,0.1076
gfx950,256,64,1280,8192,torch.int8,34,0,14.7691,a8w8_rowwise_256x16x64x512_16x16_1x1_32x8x1_32x8x1_1x16x1x16_4x4x1_1x1_intrawave_v3,90.88,756.57,0.0
gfx950,256,128,1280,8192,torch.float8_e4m3fn,29,3,13.1684,a8w8_rowwise_256x32x96x256_16x16_1x3_16x16x1_16x16x1_1x32x1x8_4x4x1_1x1_intrawave_v3,203.85,900.79,0.1595
gfx950,256,128,1280,8192,torch.int8,34,0,13.9827,a8w8_rowwise_256x16x64x512_16x16_1x1_32x8x1_32x8x1_1x16x1x16_4x4x1_1x1_intrawave_v3,191.98,848.34,0.0
gfx950,256,192,1280,8192,torch.float8_e4m3fn,34,0,15.3959,a8w8_rowwise_256x16x64x512_16x16_1x1_32x8x1_32x8x1_1x16x1x16_4x4x1_1x1_intrawave_v3,261.53,815.16,0.0
gfx950,256,256,1280,8192,torch.float8_e4m3fn,30,0,17.037,a8w8_rowwise_256x32x64x512_16x16_1x2_32x8x1_32x8x1_1x32x1x8_8x8x1_1x2_intrawave_v3,315.12,777.03,0.0
gfx950,256,256,1280,8192,torch.int8,30,0,16.2863,a8w8_rowwise_256x32x64x512_16x16_1x2_32x8x1_32x8x1_1x32x1x8_8x8x1_1x2_intrawave_v3,329.65,812.85,0.0
gfx950,256,320,1280,8192,torch.float8_e4m3fn,30,0,17.4934,a8w8_rowwise_256x32x64x512_16x16_1x2_32x8x1_32x8x1_1x32x1x8_8x8x1_1x2_intrawave_v3,383.62,796.09,0.0
gfx950,256,512,1280,8192,torch.float8_e4m3fn,23,0,21.2265,a8w8_rowwise_256x64x64x512_32x32_1x1_32x8x1_32x8x1_1x32x1x8_8x8x1_1x1_intrawave_v3,505.85,753.34,0.0
gfx950,256,512,1280,8192,torch.int8,28,0,23.2059,a8w8_rowwise_256x32x128x256_32x32_1x1_16x16x1_16x16x1_1x32x1x8_8x8x1_1x1_intrawave_v3,462.7,689.08,0.0
gfx950,256,1024,1280,8192,torch.float8_e4m3fn,21,0,28.4599,a8w8_rowwise_256x64x128x256_32x32_1x2_16x16x1_16x16x1_1x32x1x8_8x8x1_1x1_intrawave_v3,754.56,755.3,0.0
gfx950,256,1024,1280,8192,torch.int8,21,0,27.7294,a8w8_rowwise_256x64x128x256_32x32_1x2_16x16x1_16x16x1_1x32x1x8_8x8x1_1x1_intrawave_v3,774.44,775.2,0.0
gfx950,256,2048,1280,8192,torch.float8_e4m3fn,14,0,36.1844,a8w8_rowwise_256x128x96x256_32x32_1x3_16x16x1_16x16x1_1x64x1x4_8x8x1_1x1_intrawave_v3,1186.97,898.34,0.0
gfx950,256,2048,1280,8192,torch.int8,41,0,42.0169,a8w8_rowwise_256x128x128x128_32x32_2x2_8x32x1_8x32x1_1x32x1x8_8x8x1_1x1_intrawave_v5,1022.2,773.64,0.0
gfx950,256,4096,1280,8192,torch.float8_e4m3fn,11,0,51.722,a8w8_rowwise_256x128x160x128_32x32_1x5_8x32x1_8x32x1_1x64x1x4_8x8x1_1x1_intrawave_v3,1660.79,1054.21,0.0
gfx950,256,4096,1280,8192,torch.int8,11,0,59.932,a8w8_rowwise_256x128x160x128_32x32_1x5_8x32x1_8x32x1_1x64x1x4_8x8x1_1x1_intrawave_v3,1433.28,909.8,0.0
gfx950,256,8192,1280,8192,torch.float8_e4m3fn,4,0,81.7243,a8w8_rowwise_256x256x160x128_32x32_2x5_8x32x1_8x32x1_1x64x1x4_8x8x1_2x1_intrawave_v3,2102.17,1206.08,0.0
gfx950,256,8192,1280,8192,torch.int8,4,0,95.3807,a8w8_rowwise_256x256x160x128_32x32_2x5_8x32x1_8x32x1_1x64x1x4_8x8x1_2x1_intrawave_v3,1801.19,1033.4,0.0
gfx950,256,16384,1280,8192,torch.float8_e4m3fn,4,0,174.2513,a8w8_rowwise_256x256x160x128_32x32_2x5_8x32x1_8x32x1_1x64x1x4_8x8x1_2x1_intrawave_v3,1971.85,1071.13,0.0
gfx950,256,16384,1280,8192,torch.int8,4,0,178.1119,a8w8_rowwise_256x256x160x128_32x32_2x5_8x32x1_8x32x1_1x64x1x4_8x8x1_2x1_intrawave_v3,1929.11,1047.92,0.0
gfx950,256,32768,1280,8192,torch.int8,1,0,339.8668,a8w8_rowwise_256x256x256x128_32x32_4x4_8x32x1_8x32x1_1x32x1x8_8x8x1_1x1_intrawave_v3,2021.95,1067.5,0.0
gfx950,256,512,1792,7424,torch.float8_e4m3fn,23,0,20.9911,a8w8_rowwise_256x64x64x512_32x32_1x1_32x8x1_32x8x1_1x32x1x8_8x8x1_1x1_intrawave_v3,648.99,902.28,0.0
gfx950,256,512,1920,6784,torch.float8_e4m3fn,23,0,19.552,a8w8_rowwise_256x64x64x512_32x32_1x1_32x8x1_32x8x1_1x32x1x8_8x8x1_1x1_intrawave_v3,682.18,944.39,0.0
gfx950,256,1,2304,16384,torch.int8,34,0,28.7938,a8w8_rowwise_256x16x64x512_16x16_1x1_32x8x1_32x8x1_1x16x1x16_4x4x1_1x1_intrawave_v3,2.62,1311.73,0.0
gfx950,256,16,2304,16384,torch.int8,34,0,23.498,a8w8_rowwise_256x16x64x512_16x16_1x1_32x8x1_32x8x1_1x16x1x16_4x4x1_1x1_intrawave_v3,51.41,1620.76,0.0
gfx950,256,32,2304,16384,torch.int8,34,0,23.2436,a8w8_rowwise_256x16x64x512_16x16_1x1_32x8x1_32x8x1_1x16x1x16_4x4x1_1x1_intrawave_v3,103.94,1652.95,0.0
gfx950,256,64,2304,16384,torch.int8,34,0,23.2558,a8w8_rowwise_256x16x64x512_16x16_1x1_32x8x1_32x8x1_1x16x1x16_4x4x1_1x1_intrawave_v3,207.77,1680.97,0.0
gfx950,256,128,2304,16384,torch.int8,30,0,26.5035,a8w8_rowwise_256x32x64x512_16x16_1x2_32x8x1_32x8x1_1x32x1x8_8x8x1_1x2_intrawave_v3,364.62,1525.67,0.0
gfx950,256,256,2304,16384,torch.int8,23,0,32.4817,a8w8_rowwise_256x64x64x512_32x32_1x1_32x8x1_32x8x1_1x32x1x8_8x8x1_1x1_intrawave_v3,595.02,1327.6,0.0
gfx950,256,512,2304,16384,torch.int8,23,0,54.2058,a8w8_rowwise_256x64x64x512_32x32_1x1_32x8x1_32x8x1_1x32x1x8_8x8x1_1x1_intrawave_v3,713.11,894.68,0.0
gfx950,256,1024,2304,16384,torch.int8,23,0,86.7135,a8w8_rowwise_256x64x64x512_32x32_1x1_32x8x1_32x8x1_1x32x1x8_8x8x1_1x1_intrawave_v3,891.55,683.22,0.0
gfx950,256,2048,2304,16384,torch.int8,23,0,145.2155,a8w8_rowwise_256x64x64x512_32x32_1x1_32x8x1_32x8x1_1x32x1x8_8x8x1_1x1_intrawave_v3,1064.75,556.0,0.0
gfx950,256,4096,2304,16384,torch.int8,11,0,246.424,a8w8_rowwise_256x128x160x128_32x32_1x5_8x32x1_8x32x1_1x64x1x4_8x8x1_1x1_intrawave_v3,1254.9,502.11,0.0
gfx950,256,8192,2304,16384,torch.int8,15,0,463.8213,a8w8_rowwise_256x128x64x256_32x32_2x1_16x16x1_16x16x1_1x32x1x8_8x8x1_1x1_intrawave_v3,1333.43,452.15,0.0
gfx950,256,16384,2304,16384,torch.int8,15,0,878.7062,a8w8_rowwise_256x128x64x256_32x32_2x1_16x16x1_16x16x1_1x32x1x8_8x8x1_1x1_intrawave_v3,1407.7,434.37,0.0
gfx950,256,32768,2304,16384,torch.int8,1,0,1717.9546,a8w8_rowwise_256x256x256x128_32x32_4x4_8x32x1_8x32x1_1x32x1x8_8x8x1_1x1_intrawave_v3,1440.03,422.37,0.0
gfx950,256,1,2560,8192,torch.int8,34,0,17.4658,a8w8_rowwise_256x16x64x512_16x16_1x1_32x8x1_32x8x1_1x16x1x16_4x4x1_1x1_intrawave_v3,2.4,1201.48,0.0
gfx950,256,16,2560,8192,torch.int8,34,0,14.8202,a8w8_rowwise_256x16x64x512_16x16_1x1_32x8x1_32x8x1_1x16x1x16_4x4x1_1x1_intrawave_v3,45.28,1429.43,0.0
gfx950,256,32,2560,8192,torch.int8,34,0,14.7991,a8w8_rowwise_256x16x64x512_16x16_1x1_32x8x1_32x8x1_1x16x1x16_4x4x1_1x1_intrawave_v3,90.69,1445.87,0.0
gfx950,256,64,2560,8192,torch.int8,34,0,14.5967,a8w8_rowwise_256x16x64x512_16x16_1x1_32x8x1_32x8x1_1x16x1x16_4x4x1_1x1_intrawave_v3,183.9,1495.1,0.0
gfx950,256,128,2560,8192,torch.int8,30,0,16.5177,a8w8_rowwise_256x32x64x512_16x16_1x2_32x8x1_32x8x1_1x32x1x8_8x8x1_1x2_intrawave_v3,325.03,1372.8,0.0
gfx950,256,256,2560,8192,torch.int8,28,0,23.112,a8w8_rowwise_256x32x128x256_32x32_1x1_16x16x1_16x16x1_1x32x1x8_8x8x1_1x1_intrawave_v3,464.58,1054.84,0.0
gfx950,256,512,2560,8192,torch.int8,21,0,27.6646,a8w8_rowwise_256x64x128x256_32x32_1x2_16x16x1_16x16x1_1x32x1x8_8x8x1_1x1_intrawave_v3,776.26,1004.43,0.0
gfx950,256,1024,2560,8192,torch.int8,41,0,42.1202,a8w8_rowwise_256x128x128x128_32x32_2x2_8x32x1_8x32x1_1x32x1x8_8x8x1_1x1_intrawave_v5,1019.69,821.53,0.0
gfx950,256,2048,2560,8192,torch.int8,11,0,61.0366,a8w8_rowwise_256x128x160x128_32x32_1x5_8x32x1_8x32x1_1x64x1x4_8x8x1_1x1_intrawave_v3,1407.34,790.26,0.0
gfx950,256,4096,2560,8192,torch.int8,4,0,90.7509,a8w8_rowwise_256x256x160x128_32x32_2x5_8x32x1_8x32x1_1x64x1x4_8x8x1_2x1_intrawave_v3,1893.08,831.92,0.0
gfx950,256,8192,2560,8192,torch.int8,4,0,173.6356,a8w8_rowwise_256x256x160x128_32x32_2x5_8x32x1_8x32x1_1x64x1x4_8x8x1_2x1_intrawave_v3,1978.84,748.83,0.0
gfx950,256,16384,2560,8192,torch.int8,1,0,329.1334,a8w8_rowwise_256x256x256x128_32x32_4x4_8x32x1_8x32x1_1x32x1x8_8x8x1_1x1_intrawave_v3,2087.89,726.38,0.0
gfx950,256,32768,2560,8192,torch.int8,1,0,599.612,a8w8_rowwise_256x256x256x128_32x32_4x4_8x32x1_8x32x1_1x32x1x8_8x8x1_1x1_intrawave_v3,2292.13,762.46,0.0
gfx950,256,16,3584,8192,torch.float8_e4m3fn,34,2,10.689,a8w8_rowwise_256x16x64x512_16x16_1x1_32x8x1_32x8x1_1x16x1x16_4x4x1_1x1_intrawave_v3,87.9,2769.75,0.1092
gfx950,256,32,3584,8192,torch.float8_e4m3fn,34,2,12.64,a8w8_rowwise_256x16x64x512_16x16_1x1_32x8x1_32x8x1_1x16x1x16_4x4x1_1x1_intrawave_v3,148.66,2361.68,0.1084
gfx950,256,64,3584,8192,torch.float8_e4m3fn,55,2,15.5912,a8w8_rowwise_128x64x32x128_32x32_1x1_8x16x1_8x16x1_1x16x1x8_4x4x1_1x1_intrawave_v2,241.04,1946.17,0.1078
gfx950,256,128,3584,8192,torch.float8_e4m3fn,30,0,17.8922,a8w8_rowwise_256x32x64x512_16x16_1x2_32x8x1_32x8x1_1x32x1x8_8x8x1_1x2_intrawave_v3,420.08,1750.83,0.0
gfx950,256,256,3584,8192,torch.float8_e4m3fn,23,0,20.9257,a8w8_rowwise_256x64x64x512_32x32_1x1_32x8x1_32x8x1_1x32x1x8_8x8x1_1x1_intrawave_v3,718.37,1590.98,0.0
gfx950,256,1,4608,16384,torch.int8,34,0,30.4899,a8w8_rowwise_256x16x64x512_16x16_1x1_32x8x1_32x8x1_1x16x1x16_4x4x1_1x1_intrawave_v3,4.95,2476.99,0.0
gfx950,256,16,4608,16384,torch.int8,34,0,25.7089,a8w8_rowwise_256x16x64x512_16x16_1x1_32x8x1_32x8x1_1x16x1x16_4x4x1_1x1_intrawave_v3,93.97,2952.56,0.0
gfx950,256,32,4608,16384,torch.int8,34,0,24.957,a8w8_rowwise_256x16x64x512_16x16_1x1_32x8x1_32x8x1_1x16x1x16_4x4x1_1x1_intrawave_v3,193.61,3057.93,0.0
gfx950,256,64,4608,16384,torch.int8,30,0,27.9735,a8w8_rowwise_256x32x64x512_16x16_1x2_32x8x1_32x8x1_1x32x1x8_8x8x1_1x2_intrawave_v3,345.46,2757.46,0.0
gfx950,256,128,4608,16384,torch.int8,23,0,33.4047,a8w8_rowwise_256x64x64x512_32x32_1x1_32x8x1_32x8x1_1x32x1x8_8x8x1_1x1_intrawave_v3,578.58,2358.18,0.0
gfx950,256,256,4608,16384,torch.int8,23,0,55.0189,a8w8_rowwise_256x64x64x512_32x32_1x1_32x8x1_32x8x1_1x32x1x8_8x8x1_1x1_intrawave_v3,702.57,1491.33,0.0
gfx950,256,512,4608,16384,torch.int8,23,0,87.1647,a8w8_rowwise_256x64x64x512_32x32_1x1_32x8x1_32x8x1_1x32x1x8_8x8x1_1x1_intrawave_v3,886.93,1016.52,0.0
gfx950,256,1024,4608,16384,torch.int8,23,0,143.2677,a8w8_rowwise_256x64x64x512_32x32_1x1_32x8x1_32x8x1_1x32x1x8_8x8x1_1x1_intrawave_v3,1079.23,709.94,0.0
gfx950,256,2048,4608,16384,torch.int8,11,0,247.0665,a8w8_rowwise_256x128x160x128_32x32_1x5_8x32x1_8x32x1_1x64x1x4_8x8x1_1x1_intrawave_v3,1251.64,517.78,0.0
gfx950,256,4096,4608,16384,torch.int8,15,0,433.3975,a8w8_rowwise_256x128x64x256_32x32_2x1_16x16x1_16x16x1_1x32x1x8_8x8x1_1x1_intrawave_v3,1427.04,416.14,0.0
gfx950,256,8192,4608,16384,torch.int8,39,0,844.5637,a8w8_rowwise_256x224x256x128_16x16_7x8_8x32x1_8x32x1_1x32x1x8_8x8x1_1x2_intrawave_v3,1464.6,337.7,0.0
gfx950,256,16384,4608,16384,torch.int8,40,0,1632.4516,a8w8_rowwise_256x256x224x128_16x16_8x7_8x32x1_8x32x1_1x64x1x4_8x8x1_2x1_intrawave_v3,1515.45,303.18,0.0
gfx950,256,32768,4608,16384,torch.int8,40,0,3026.9648,a8w8_rowwise_256x256x224x128_16x16_8x7_8x32x1_8x32x1_1x64x1x4_8x8x1_2x1_intrawave_v3,1634.58,302.07,0.0
gfx950,256,1,5120,640,torch.int8,79,0,4.3227,a8w8_rowwise_128x16x32x128_16x16_1x1_8x16x1_8x16x1_1x16x1x8_4x4x1_1x1_interwave_v2,1.52,760.56,0.0
gfx950,256,1,5120,1280,torch.int8,34,0,6.1049,a8w8_rowwise_256x16x64x512_16x16_1x1_32x8x1_32x8x1_1x16x1x16_4x4x1_1x1_intrawave_v3,2.15,1075.39,0.0
gfx950,256,1,5120,3200,torch.int8,30,0,9.8138,a8w8_rowwise_256x32x64x512_16x16_1x2_32x8x1_32x8x1_1x32x1x8_8x8x1_1x2_intrawave_v3,3.34,1670.86,0.0
gfx950,256,1,5120,5120,torch.int8,34,0,12.3186,a8w8_rowwise_256x16x64x512_16x16_1x1_32x8x1_32x8x1_1x16x1x16_4x4x1_1x1_intrawave_v3,4.26,2129.28,0.0
gfx950,256,1,5120,6400,torch.int8,34,0,14.5779,a8w8_rowwise_256x16x64x512_16x16_1x1_32x8x1_32x8x1_1x16x1x16_4x4x1_1x1_intrawave_v3,4.5,2248.93,0.0
gfx950,256,1,5120,25600,torch.int8,23,0,47.1407,a8w8_rowwise_256x64x64x512_32x32_1x1_32x8x1_32x8x1_1x32x1x8_8x8x1_1x1_intrawave_v3,5.56,2781.2,0.0
gfx950,256,16,5120,640,torch.int8,60,0,4.3842,a8w8_rowwise_128x16x32x128_16x16_1x1_8x16x1_8x16x1_1x16x1x8_4x4x1_1x1_intrawave_v2,23.92,787.12,0.0
gfx950,256,16,5120,1280,torch.int8,79,0,6.1038,a8w8_rowwise_128x16x32x128_16x16_1x1_8x16x1_8x16x1_1x16x1x8_4x4x1_1x1_interwave_v2,34.36,1103.89,0.0
gfx950,256,16,5120,3200,torch.int8,79,0,9.1289,a8w8_rowwise_128x16x32x128_16x16_1x1_8x16x1_8x16x1_1x16x1x8_4x4x1_1x1_interwave_v2,57.43,1818.3,0.0
gfx950,256,16,5120,5120,torch.int8,34,0,11.1363,a8w8_rowwise_256x16x64x512_16x16_1x1_32x8x1_32x8x1_1x16x1x16_4x4x1_1x1_intrawave_v3,75.33,2376.03,0.0
gfx950,256,16,5120,6400,torch.int8,34,0,14.8838,a8w8_rowwise_256x16x64x512_16x16_1x1_32x8x1_32x8x1_1x16x1x16_4x4x1_1x1_intrawave_v3,70.45,2219.48,0.0
gfx950,256,16,5120,25600,torch.int8,34,0,38.7631,a8w8_rowwise_256x16x64x512_16x16_1x1_32x8x1_32x8x1_1x16x1x16_4x4x1_1x1_intrawave_v3,108.2,3396.15,0.0
gfx950,256,32,5120,640,torch.int8,79,0,4.5986,a8w8_rowwise_128x16x32x128_16x16_1x1_8x16x1_8x16x1_1x16x1x8_4x4x1_1x1_interwave_v2,45.6,788.27,0.0
gfx950,256,32,5120,1280,torch.int8,76,0,6.0464,a8w8_rowwise_128x32x16x128_16x16_1x1_8x16x1_8x16x1_1x16x1x8_2x2x1_1x1_interwave_v2,69.37,1144.85,0.0
gfx950,256,32,5120,3200,torch.int8,76,0,10.1191,a8w8_rowwise_128x32x16x128_16x16_1x1_8x16x1_8x16x1_1x16x1x8_2x2x1_1x1_interwave_v2,103.62,1661.62,0.0
gfx950,256,32,5120,5120,torch.int8,34,0,10.4248,a8w8_rowwise_256x16x64x512_16x16_1x1_32x8x1_32x8x1_1x16x1x16_4x4x1_1x1_intrawave_v3,160.94,2561.77,0.0
gfx950,256,32,5120,6400,torch.int8,34,0,15.0885,a8w8_rowwise_256x16x64x512_16x16_1x1_32x8x1_32x8x1_1x16x1x16_4x4x1_1x1_intrawave_v3,138.99,2207.01,0.0
gfx950,256,32,5120,25600,torch.int8,34,0,38.3258,a8w8_rowwise_256x16x64x512_16x16_1x1_32x8x1_32x8x1_1x16x1x16_4x4x1_1x1_intrawave_v3,218.88,3449.87,0.0
gfx950,256,64,5120,640,torch.int8,77,0,5.0956,a8w8_rowwise_64x16x16x64_16x16_1x1_4x16x1_4x16x1_1x16x1x4_4x4x1_1x1_interwave_v2,82.31,779.72,0.0
gfx950,256,64,5120,1280,torch.int8,76,0,6.4203,a8w8_rowwise_128x32x16x128_16x16_1x1_8x16x1_8x16x1_1x16x1x8_2x2x1_1x1_interwave_v2,130.66,1135.6,0.0
gfx950,256,64,5120,3200,torch.int8,76,0,10.7687,a8w8_rowwise_128x32x16x128_16x16_1x1_8x16x1_8x16x1_1x16x1x8_2x2x1_1x1_interwave_v2,194.75,1601.32,0.0
gfx950,256,64,5120,5120,torch.int8,30,0,11.7059,a8w8_rowwise_256x32x64x512_16x16_1x2_32x8x1_32x8x1_1x32x1x8_8x8x1_1x2_intrawave_v3,286.65,2323.4,0.0
gfx950,256,64,5120,6400,torch.int8,30,0,16.907,a8w8_rowwise_256x32x64x512_16x16_1x2_32x8x1_32x8x1_1x32x1x8_8x8x1_1x2_intrawave_v3,248.08,2001.12,0.0
gfx950,256,64,5120,25600,torch.int8,30,0,43.5801,a8w8_rowwise_256x32x64x512_16x16_1x2_32x8x1_32x8x1_1x32x1x8_8x8x1_1x2_intrawave_v3,384.97,3060.24,0.0
gfx950,256,128,5120,640,torch.int8,79,0,5.566,a8w8_rowwise_128x16x32x128_16x16_1x1_8x16x1_8x16x1_1x16x1x8_4x4x1_1x1_interwave_v2,150.71,838.92,0.0
gfx950,256,128,5120,1280,torch.int8,23,0,7.6695,a8w8_rowwise_256x64x64x512_32x32_1x1_32x8x1_32x8x1_1x32x1x8_8x8x1_1x1_intrawave_v3,218.75,1046.76,0.0
gfx950,256,128,5120,3200,torch.int8,23,0,11.8363,a8w8_rowwise_256x64x64x512_32x32_1x1_32x8x1_32x8x1_1x32x1x8_8x8x1_1x1_intrawave_v3,354.36,1529.56,0.0
gfx950,256,128,5120,5120,torch.int8,23,0,14.1859,a8w8_rowwise_256x64x64x512_32x32_1x1_32x8x1_32x8x1_1x32x1x8_8x8x1_1x1_intrawave_v3,473.07,1986.51,0.0
gfx950,256,128,5120,6400,torch.int8,23,0,18.7826,a8w8_rowwise_256x64x64x512_32x32_1x1_32x8x1_32x8x1_1x32x1x8_8x8x1_1x1_intrawave_v3,446.62,1857.99,0.0
gfx950,256,128,5120,25600,torch.int8,23,0,54.0309,a8w8_rowwise_256x64x64x512_32x32_1x1_32x8x1_32x8x1_1x32x1x8_8x8x1_1x1_intrawave_v3,621.02,2510.78,0.0
gfx950,256,256,5120,640,torch.int8,81,0,6.6084,a8w8_rowwise_128x32x64x128_32x32_1x1_8x16x1_8x16x1_1x16x1x8_8x8x1_1x1_interwave_v2,253.88,917.33,0.0
gfx950,256,256,5120,1280,torch.int8,15,0,8.2757,a8w8_rowwise_256x128x64x256_32x32_2x1_16x16x1_16x16x1_1x32x1x8_8x8x1_1x1_intrawave_v3,405.46,1148.27,0.0
gfx950,256,256,5120,3200,torch.int8,15,0,15.7837,a8w8_rowwise_256x128x64x256_32x32_2x1_16x16x1_16x16x1_1x32x1x8_8x8x1_1x1_intrawave_v3,531.47,1256.02,0.0
gfx950,256,256,5120,5120,torch.int8,23,0,21.8405,a8w8_rowwise_256x64x64x512_32x32_1x1_32x8x1_32x8x1_1x32x1x8_8x8x1_1x1_intrawave_v3,614.54,1380.31,0.0
gfx950,256,256,5120,6400,torch.int8,21,0,23.7832,a8w8_rowwise_256x64x128x256_32x32_1x2_16x16x1_16x16x1_1x32x1x8_8x8x1_1x1_intrawave_v3,705.42,1556.89,0.0
gfx950,256,256,5120,25600,torch.int8,23,0,86.0166,a8w8_rowwise_256x64x64x512_32x32_1x1_32x8x1_32x8x1_1x32x1x8_8x8x1_1x1_intrawave_v3,780.19,1630.46,0.0
gfx950,256,512,5120,640,torch.int8,47,0,8.4036,a8w8_rowwise_256x64x64x128_32x32_1x1_8x32x1_8x32x1_1x32x1x8_8x8x1_1x1_intrawave_v3,399.29,1052.81,0.0
gfx950,256,512,5120,1280,torch.int8,22,0,12.2285,a8w8_rowwise_256x64x96x256_16x16_2x3_16x16x1_16x16x1_1x64x1x4_8x8x1_2x1_intrawave_v3,548.79,1018.26,0.0
gfx950,256,512,5120,3200,torch.int8,13,0,21.8498,a8w8_rowwise_256x128x128x128_32x32_2x2_8x32x1_8x32x1_1x32x1x8_8x8x1_1x1_intrawave_v3,767.84,1064.78,0.0
gfx950,256,512,5120,5120,torch.int8,23,0,33.1376,a8w8_rowwise_256x64x64x512_32x32_1x1_32x8x1_32x8x1_1x32x1x8_8x8x1_1x1_intrawave_v3,810.06,1028.4,0.0
gfx950,256,512,5120,6400,torch.int8,15,0,38.8017,a8w8_rowwise_256x128x64x256_32x32_2x1_16x16x1_16x16x1_1x32x1x8_8x8x1_1x1_intrawave_v3,864.77,1064.07,0.0
gfx950,256,512,5120,25600,torch.int8,23,0,131.897,a8w8_rowwise_256x64x64x512_32x32_1x1_32x8x1_32x8x1_1x32x1x8_8x8x1_1x1_intrawave_v3,1017.6,1132.87,0.0
gfx950,256,1024,5120,640,torch.int8,11,0,11.7704,a8w8_rowwise_256x128x160x128_32x32_1x5_8x32x1_8x32x1_1x64x1x4_8x8x1_1x1_intrawave_v3,570.15,1224.93,0.0
gfx950,256,1024,5120,1280,torch.int8,11,0,17.5871,a8w8_rowwise_256x128x160x128_32x32_1x5_8x32x1_8x32x1_1x64x1x4_8x8x1_1x1_intrawave_v3,763.16,1043.38,0.0
gfx950,256,1024,5120,3200,torch.int8,11,0,27.688,a8w8_rowwise_256x128x160x128_32x32_1x5_8x32x1_8x32x1_1x64x1x4_8x8x1_1x1_intrawave_v3,1211.88,1088.8,0.0
gfx950,256,1024,5120,5120,torch.int8,23,0,55.7649,a8w8_rowwise_256x64x64x512_32x32_1x1_32x8x1_32x8x1_1x32x1x8_8x8x1_1x1_intrawave_v3,962.74,752.14,0.0
gfx950,256,1024,5120,6400,torch.int8,11,0,57.5786,a8w8_rowwise_256x128x160x128_32x32_1x5_8x32x1_8x32x1_1x64x1x4_8x8x1_1x1_intrawave_v3,1165.52,865.03,0.0
gfx950,256,1024,5120,25600,torch.int8,23,0,227.1849,a8w8_rowwise_256x64x64x512_32x32_1x1_32x8x1_32x8x1_1x32x1x8_8x8x1_1x1_intrawave_v3,1181.57,738.48,0.0
gfx950,256,2048,5120,640,torch.int8,10,0,17.6749,a8w8_rowwise_256x128x192x128_32x32_2x3_8x32x1_8x32x1_1x32x1x8_8x8x1_1x1_intrawave_v3,759.37,1446.06,0.0
gfx950,256,2048,5120,1280,torch.int8,4,0,27.4475,a8w8_rowwise_256x256x160x128_32x32_2x5_8x32x1_8x32x1_1x64x1x4_8x8x1_2x1_intrawave_v3,978.0,1098.34,0.0
gfx950,256,2048,5120,3200,torch.int8,4,0,44.9517,a8w8_rowwise_256x256x160x128_32x32_2x5_8x32x1_8x32x1_1x64x1x4_8x8x1_2x1_intrawave_v3,1492.91,976.81,0.0
gfx950,256,2048,5120,5120,torch.int8,15,0,96.048,a8w8_rowwise_256x128x64x256_32x32_2x1_16x16x1_16x16x1_1x32x1x8_8x8x1_1x1_intrawave_v3,1117.92,600.45,0.0
gfx950,256,2048,5120,6400,torch.int8,4,0,90.0028,a8w8_rowwise_256x256x160x128_32x32_2x5_8x32x1_8x32x1_1x64x1x4_8x8x1_2x1_intrawave_v3,1491.26,742.72,0.0
gfx950,256,2048,5120,25600,torch.int8,15,0,419.2679,a8w8_rowwise_256x128x64x256_32x32_2x1_16x16x1_16x16x1_1x32x1x8_8x8x1_1x1_intrawave_v3,1280.5,487.69,0.0
gfx950,256,4096,5120,640,torch.int8,13,0,32.4583,a8w8_rowwise_256x128x128x128_32x32_2x2_8x32x1_8x32x1_1x32x1x8_8x8x1_1x1_intrawave_v3,827.02,1473.93,0.0
gfx950,256,4096,5120,1280,torch.int8,13,0,50.6317,a8w8_rowwise_256x128x128x128_32x32_2x2_8x32x1_8x32x1_1x32x1x8_8x8x1_1x1_intrawave_v3,1060.35,1061.38,0.0
gfx950,256,4096,5120,3200,torch.int8,4,0,86.6115,a8w8_rowwise_256x256x160x128_32x32_2x5_8x32x1_8x32x1_1x64x1x4_8x8x1_2x1_intrawave_v3,1549.65,824.77,0.0
gfx950,256,4096,5120,5120,torch.int8,15,0,177.0814,a8w8_rowwise_256x128x64x256_32x32_2x1_16x16x1_16x16x1_1x32x1x8_8x8x1_1x1_intrawave_v3,1212.71,503.32,0.0
gfx950,256,4096,5120,6400,torch.int8,4,0,162.2341,a8w8_rowwise_256x256x160x128_32x32_2x5_8x32x1_8x32x1_1x64x1x4_8x8x1_2x1_intrawave_v3,1654.62,622.1,0.0
gfx950,256,4096,5120,25600,torch.int8,15,0,782.4893,a8w8_rowwise_256x128x64x256_32x32_2x1_16x16x1_16x16x1_1x32x1x8_8x8x1_1x1_intrawave_v3,1372.21,355.11,0.0
gfx950,256,8192,5120,640,torch.int8,42,0,55.1814,a8w8_rowwise_256x128x256x64_32x32_2x4_4x64x1_4x64x1_1x32x1x8_8x8x1_1x1_interwave_v1,972.92,1674.58,0.0
gfx950,256,8192,5120,1280,torch.int8,39,0,86.4091,a8w8_rowwise_256x224x256x128_16x16_7x8_8x32x1_8x32x1_1x32x1x8_8x8x1_1x2_intrawave_v3,1242.63,1168.0,0.0
gfx950,256,8192,5120,3200,torch.int8,40,0,149.3935,a8w8_rowwise_256x256x224x128_16x16_8x7_8x32x1_8x32x1_1x64x1x4_8x8x1_2x1_intrawave_v3,1796.83,846.65,0.0
gfx950,256,8192,5120,5120,torch.int8,39,0,277.9848,a8w8_rowwise_256x224x256x128_16x16_7x8_8x32x1_8x32x1_1x32x1x8_8x8x1_1x2_intrawave_v3,1545.04,546.95,0.0
gfx950,256,8192,5120,6400,torch.int8,40,0,276.3348,a8w8_rowwise_256x256x224x128_16x16_8x7_8x32x1_8x32x1_1x64x1x4_8x8x1_2x1_intrawave_v3,1942.83,611.88,0.0
gfx950,256,8192,5120,25600,torch.int8,39,0,1513.1737,a8w8_rowwise_256x224x256x128_16x16_7x8_8x32x1_8x32x1_1x32x1x8_8x8x1_1x2_intrawave_v3,1419.19,280.65,0.0
gfx950,256,16384,5120,640,torch.int8,43,0,99.8836,a8w8_rowwise_256x256x128x64_32x32_4x2_4x64x1_4x64x1_1x32x1x8_8x8x1_1x1_interwave_v1,1074.99,1817.46,0.0
gfx950,256,16384,5120,1280,torch.int8,1,0,153.6015,a8w8_rowwise_256x256x256x128_32x32_4x4_8x32x1_8x32x1_1x32x1x8_8x8x1_1x1_intrawave_v3,1398.09,1271.45,0.0
gfx950,256,16384,5120,3200,torch.int8,1,0,271.2735,a8w8_rowwise_256x256x256x128_32x32_4x4_8x32x1_8x32x1_1x32x1x8_8x8x1_1x1_intrawave_v3,1979.08,872.13,0.0
gfx950,256,16384,5120,5120,torch.int8,1,0,518.1604,a8w8_rowwise_256x256x256x128_32x32_4x4_8x32x1_8x32x1_1x32x1x8_8x8x1_1x1_intrawave_v3,1657.78,536.27,0.0
gfx950,256,16384,5120,6400,torch.int8,1,0,543.7765,a8w8_rowwise_256x256x256x128_32x32_4x4_8x32x1_8x32x1_1x32x1x8_8x8x1_1x1_intrawave_v3,1974.6,561.62,0.0
gfx950,256,16384,5120,25600,torch.int8,1,0,2869.8056,a8w8_rowwise_256x256x256x128_32x32_4x4_8x32x1_8x32x1_1x32x1x8_8x8x1_1x1_intrawave_v3,1496.61,250.29,0.0
gfx950,256,32768,5120,640,torch.int8,43,0,191.0117,a8w8_rowwise_256x256x128x64_32x32_4x2_4x64x1_4x64x1_1x32x1x8_8x8x1_1x1_interwave_v1,1124.27,1883.62,0.0
gfx950,256,32768,5120,1280,torch.int8,1,0,299.0856,a8w8_rowwise_256x256x256x128_32x32_4x4_8x32x1_8x32x1_1x32x1x8_8x8x1_1x1_intrawave_v3,1436.03,1284.05,0.0
gfx950,256,32768,5120,3200,torch.int8,1,0,538.4921,a8w8_rowwise_256x256x256x128_32x32_4x4_8x32x1_8x32x1_1x32x1x8_8x8x1_1x1_intrawave_v3,1993.98,848.27,0.0
gfx950,256,32768,5120,5120,torch.int8,40,0,999.0598,a8w8_rowwise_256x256x224x128_16x16_8x7_8x32x1_8x32x1_1x64x1x4_8x8x1_2x1_intrawave_v3,1719.6,530.03,0.0
gfx950,256,32768,5120,6400,torch.int8,1,0,1028.2651,a8w8_rowwise_256x256x256x128_32x32_4x4_8x32x1_8x32x1_1x32x1x8_8x8x1_1x1_intrawave_v3,2088.45,562.14,0.0
gfx950,256,32768,5120,25600,torch.int8,1,0,5734.5832,a8w8_rowwise_256x256x256x128_32x32_4x4_8x32x1_8x32x1_1x32x1x8_8x8x1_1x1_intrawave_v3,1497.92,227.65,0.0
gfx950,256,1,6400,5120,torch.int8,34,0,12.7506,a8w8_rowwise_256x16x64x512_16x16_1x1_32x8x1_32x8x1_1x16x1x16_4x4x1_1x1_intrawave_v3,5.14,2571.32,0.0
gfx950,256,16,6400,5120,torch.int8,34,0,11.5523,a8w8_rowwise_256x16x64x512_16x16_1x1_32x8x1_32x8x1_1x16x1x16_4x4x1_1x1_intrawave_v3,90.77,2861.31,0.0
gfx950,256,32,6400,5120,torch.int8,34,0,10.9816,a8w8_rowwise_256x16x64x512_16x16_1x1_32x8x1_32x8x1_1x16x1x16_4x4x1_1x1_intrawave_v3,190.97,3036.12,0.0
gfx950,256,64,6400,5120,torch.int8,30,0,12.4817,a8w8_rowwise_256x32x64x512_16x16_1x2_32x8x1_32x8x1_1x32x1x8_8x8x1_1x2_intrawave_v3,336.04,2717.17,0.0
gfx950,256,128,6400,5120,torch.int8,23,0,14.96,a8w8_rowwise_256x64x64x512_32x32_1x1_32x8x1_32x8x1_1x32x1x8_8x8x1_1x1_intrawave_v3,560.74,2343.7,0.0
gfx950,256,256,6400,5120,torch.int8,23,0,22.7861,a8w8_rowwise_256x64x64x512_32x32_1x1_32x8x1_32x8x1_1x32x1x8_8x8x1_1x1_intrawave_v3,736.29,1639.4,0.0
gfx950,256,512,6400,5120,torch.int8,15,0,41.3468,a8w8_rowwise_256x128x64x256_32x32_2x1_16x16x1_16x16x1_1x32x1x8_8x8x1_1x1_intrawave_v3,811.54,1014.42,0.0
gfx950,256,1024,6400,5120,torch.int8,23,0,72.0506,a8w8_rowwise_256x64x64x512_32x32_1x1_32x8x1_32x8x1_1x32x1x8_8x8x1_1x1_intrawave_v3,931.41,709.47,0.0
gfx950,256,2048,6400,5120,torch.int8,39,0,107.5421,a8w8_rowwise_256x224x256x128_16x16_7x8_8x32x1_8x32x1_1x32x1x8_8x8x1_1x2_intrawave_v3,1248.05,645.96,0.0
gfx950,256,4096,6400,5120,torch.int8,39,0,188.523,a8w8_rowwise_256x224x256x128_16x16_7x8_8x32x1_8x32x1_1x32x1x8_8x8x1_1x2_intrawave_v3,1423.89,563.16,0.0
gfx950,256,8192,6400,5120,torch.int8,39,0,359.0195,a8w8_rowwise_256x224x256x128_16x16_7x8_8x32x1_8x32x1_1x32x1x8_8x8x1_1x2_intrawave_v3,1495.38,500.16,0.0
gfx950,256,16384,6400,5120,torch.int8,40,0,690.0605,a8w8_rowwise_256x256x224x128_16x16_8x7_8x32x1_8x32x1_1x64x1x4_8x8x1_2x1_intrawave_v3,1556.01,472.96,0.0
gfx950,256,32768,6400,5120,torch.int8,40,0,1274.1106,a8w8_rowwise_256x256x224x128_16x16_8x7_8x32x1_8x32x1_1x64x1x4_8x8x1_2x1_intrawave_v3,1685.48,486.59,0.0
gfx950,256,1,7168,8192,torch.int8,34,0,19.015,a8w8_rowwise_256x16x64x512_16x16_1x1_32x8x1_32x8x1_1x16x1x16_4x4x1_1x1_intrawave_v3,6.18,3089.29,0.0
gfx950,256,16,7168,8192,torch.float8_e4m3fn,80,2,15.5438,a8w8_rowwise_128x16x64x128_16x16_1x2_8x16x1_8x16x1_1x16x1x8_4x4x1_1x1_interwave_v2,120.89,3800.92,0.1089
gfx950,256,16,7168,8192,torch.int8,34,0,16.6523,a8w8_rowwise_256x16x64x512_16x16_1x1_32x8x1_32x8x1_1x16x1x16_4x4x1_1x1_intrawave_v3,112.84,3547.9,0.0
gfx950,256,32,7168,8192,torch.float8_e4m3fn,34,0,17.4961,a8w8_rowwise_256x16x64x512_16x16_1x1_32x8x1_32x8x1_1x16x1x16_4x4x1_1x1_intrawave_v3,214.8,3397.39,0.0
gfx950,256,32,7168,8192,torch.int8,34,0,16.942,a8w8_rowwise_256x16x64x512_16x16_1x1_32x8x1_32x8x1_1x16x1x16_4x4x1_1x1_intrawave_v3,221.82,3508.51,0.0
gfx950,256,64,7168,8192,torch.float8_e4m3fn,30,0,19.78,a8w8_rowwise_256x32x64x512_16x16_1x2_32x8x1_32x8x1_1x32x1x8_8x8x1_1x2_intrawave_v3,379.99,3041.56,0.0
gfx950,256,64,7168,8192,torch.int8,30,0,18.4286,a8w8_rowwise_256x32x64x512_16x16_1x2_32x8x1_32x8x1_1x32x1x8_8x8x1_1x2_intrawave_v3,407.85,3264.6,0.0
gfx950,256,128,7168,8192,torch.float8_e4m3fn,23,0,22.197,a8w8_rowwise_256x64x64x512_32x32_1x1_32x8x1_32x8x1_1x32x1x8_8x8x1_1x1_intrawave_v3,677.23,2775.32,0.0
gfx950,256,128,7168,8192,torch.int8,28,0,26.0097,a8w8_rowwise_256x32x128x256_32x32_1x1_16x16x1_16x16x1_1x32x1x8_8x8x1_1x1_intrawave_v3,577.95,2368.49,0.0
gfx950,256,256,7168,8192,torch.float8_e4m3fn,15,0,30.0111,a8w8_rowwise_256x128x64x256_32x32_2x1_16x16x1_16x16x1_1x32x1x8_8x8x1_1x1_intrawave_v3,1001.79,2148.79,0.0
gfx950,256,256,7168,8192,torch.int8,15,0,30.291,a8w8_rowwise_256x128x64x256_32x32_2x1_16x16x1_16x16x1_1x32x1x8_8x8x1_1x1_intrawave_v3,992.53,2128.93,0.0
gfx950,256,512,7168,8192,torch.int8,41,0,47.5197,a8w8_rowwise_256x128x128x128_32x32_2x2_8x32x1_8x32x1_1x32x1x8_8x8x1_1x1_intrawave_v5,1265.36,1478.43,0.0
gfx950,256,1024,7168,8192,torch.int8,13,0,82.6278,a8w8_rowwise_256x128x128x128_32x32_2x2_8x32x1_8x32x1_1x32x1x8_8x8x1_1x1_intrawave_v3,1455.43,989.85,0.0
gfx950,256,2048,7168,8192,torch.int8,2,0,116.6871,a8w8_rowwise_256x256x224x128_32x32_2x7_8x32x1_8x32x1_1x64x1x4_8x8x1_2x1_intrawave_v3,2061.22,898.62,0.0
gfx950,256,4096,7168,8192,torch.int8,2,0,219.2844,a8w8_rowwise_256x256x224x128_32x32_2x7_8x32x1_8x32x1_1x64x1x4_8x8x1_2x1_intrawave_v3,2193.66,688.58,0.0
gfx950,256,8192,7168,8192,torch.int8,2,0,420.8889,a8w8_rowwise_256x256x224x128_32x32_2x7_8x32x1_8x32x1_1x64x1x4_8x8x1_2x1_intrawave_v3,2285.81,577.99,0.0
gfx950,256,16384,7168,8192,torch.int8,1,0,815.6995,a8w8_rowwise_256x256x256x128_32x32_4x4_8x32x1_8x32x1_1x32x1x8_8x8x1_1x1_intrawave_v3,2358.89,524.48,0.0
gfx950,256,32768,7168,8192,torch.int8,1,0,1620.6254,a8w8_rowwise_256x256x256x128_32x32_4x4_8x32x1_8x32x1_1x32x1x8_8x8x1_1x1_intrawave_v3,2374.57,491.73,0.0
gfx950,256,16,7424,8192,torch.float8_e4m3fn,60,2,16.1728,a8w8_rowwise_128x16x32x128_16x16_1x1_8x16x1_8x16x1_1x16x1x8_4x4x1_1x1_intrawave_v2,120.34,3783.27,0.1076
gfx950,256,32,7424,8192,torch.float8_e4m3fn,34,0,17.6324,a8w8_rowwise_256x16x64x512_16x16_1x1_32x8x1_32x8x1_1x16x1x16_4x4x1_1x1_intrawave_v3,220.75,3491.0,0.0
gfx950,256,48,7424,8192,torch.float8_e4m3fn,74,2,20.2638,a8w8_rowwise_128x64x32x128_32x32_1x1_8x16x1_8x16x1_1x16x1x8_4x4x1_1x1_interwave_v2,288.12,3055.86,0.1076
gfx950,256,64,7424,8192,torch.float8_e4m3fn,30,0,20.8916,a8w8_rowwise_256x32x64x512_16x16_1x2_32x8x1_32x8x1_1x32x1x8_8x8x1_1x2_intrawave_v3,372.62,2981.68,0.0
gfx950,256,4096,7424,8192,torch.float8_e4m3fn,1,0,232.7657,a8w8_rowwise_256x256x256x128_32x32_4x4_8x32x1_8x32x1_1x32x1x8_8x8x1_1x1_intrawave_v3,2140.42,666.72,0.0
gfx950,256,5120,7424,8192,torch.float8_e4m3fn,2,0,308.3064,a8w8_rowwise_256x256x224x128_32x32_2x7_8x32x1_8x32x1_1x64x1x4_8x8x1_2x1_intrawave_v3,2019.97,579.88,0.0
gfx950,256,8192,7424,8192,torch.float8_e4m3fn,1,0,441.2013,a8w8_rowwise_256x256x256x128_32x32_4x4_8x32x1_8x32x1_1x32x1x8_8x8x1_1x1_intrawave_v3,2258.45,565.64,0.0
gfx950,256,1,8192,1024,torch.float8_e4m3fn,60,0,6.3982,a8w8_rowwise_128x16x32x128_16x16_1x1_8x16x1_8x16x1_1x16x1x8_4x4x1_1x1_intrawave_v2,2.62,1313.81,0.0
gfx950,256,1,8192,1024,torch.int8,79,0,5.7218,a8w8_rowwise_128x16x32x128_16x16_1x1_8x16x1_8x16x1_1x16x1x8_4x4x1_1x1_interwave_v2,2.93,1469.12,0.0
gfx950,256,1,8192,2048,torch.int8,34,0,7.1625,a8w8_rowwise_256x16x64x512_16x16_1x1_32x8x1_32x8x1_1x16x1x16_4x4x1_1x1_intrawave_v3,4.68,2344.94,0.0
gfx950,256,1,8192,3584,torch.int8,34,0,11.2488,a8w8_rowwise_256x16x64x512_16x16_1x1_32x8x1_32x8x1_1x16x1x16_4x4x1_1x1_intrawave_v3,5.22,2611.84,0.0
gfx950,256,1,8192,7168,torch.int8,34,0,16.9371,a8w8_rowwise_256x16x64x512_16x16_1x1_32x8x1_32x8x1_1x16x1x16_4x4x1_1x1_intrawave_v3,6.93,3468.35,0.0
gfx950,256,1,8192,8192,torch.int8,34,0,19.4709,a8w8_rowwise_256x16x64x512_16x16_1x1_32x8x1_32x8x1_1x16x1x16_4x4x1_1x1_intrawave_v3,6.89,3447.89,0.0
gfx950,256,1,8192,28672,torch.int8,34,0,59.8294,a8w8_rowwise_256x16x64x512_16x16_1x1_32x8x1_32x8x1_1x16x1x16_4x4x1_1x1_intrawave_v3,7.85,3926.6,0.0
gfx950,256,16,8192,1024,torch.int8,79,0,5.4586,a8w8_rowwise_128x16x32x128_16x16_1x1_8x16x1_8x16x1_1x16x1x8_4x4x1_1x1_interwave_v2,49.18,1587.79,0.0
gfx950,256,16,8192,2048,torch.int8,79,0,7.2552,a8w8_rowwise_128x16x32x128_16x16_1x1_8x16x1_8x16x1_1x16x1x8_4x4x1_1x1_interwave_v2,74.0,2353.09,0.0
gfx950,256,16,8192,3584,torch.int8,34,0,10.6477,a8w8_rowwise_256x16x64x512_16x16_1x1_32x8x1_32x8x1_1x16x1x16_4x4x1_1x1_intrawave_v3,88.24,2787.42,0.0
gfx950,256,16,8192,7168,torch.int8,34,0,15.2131,a8w8_rowwise_256x16x64x512_16x16_1x1_32x8x1_32x8x1_1x16x1x16_4x4x1_1x1_intrawave_v3,123.52,3884.62,0.0
gfx950,256,16,8192,8192,torch.float8_e4m3fn,80,2,17.7026,a8w8_rowwise_128x16x64x128_16x16_1x2_8x16x1_8x16x1_1x16x1x8_4x4x1_1x1_interwave_v2,121.31,3813.12,0.107
gfx950,256,16,8192,8192,torch.int8,34,0,17.2283,a8w8_rowwise_256x16x64x512_16x16_1x1_32x8x1_32x8x1_1x16x1x16_4x4x1_1x1_intrawave_v3,124.65,3918.09,0.0
gfx950,256,16,8192,28672,torch.int8,34,0,55.9502,a8w8_rowwise_256x16x64x512_16x16_1x1_32x8x1_32x8x1_1x16x1x16_4x4x1_1x1_intrawave_v3,134.34,4210.92,0.0
gfx950,256,32,8192,1024,torch.float8_e4m3fn,79,0,6.5212,a8w8_rowwise_128x16x32x128_16x16_1x1_8x16x1_8x16x1_1x16x1x8_4x4x1_1x1_interwave_v2,82.33,1371.78,0.0
gfx950,256,32,8192,1024,torch.int8,79,0,5.6281,a8w8_rowwise_128x16x32x128_16x16_1x1_8x16x1_8x16x1_1x16x1x8_4x4x1_1x1_interwave_v2,95.39,1589.46,0.0
gfx950,256,32,8192,2048,torch.int8,76,0,7.2889,a8w8_rowwise_128x32x16x128_16x16_1x1_8x16x1_8x16x1_1x16x1x8_2x2x1_1x1_interwave_v2,147.31,2382.67,0.0
gfx950,256,32,8192,3584,torch.int8,34,0,9.4243,a8w8_rowwise_256x16x64x512_16x16_1x1_32x8x1_32x8x1_1x16x1x16_4x4x1_1x1_intrawave_v3,199.38,3183.17,0.0
gfx950,256,32,8192,7168,torch.int8,34,0,16.2902,a8w8_rowwise_256x16x64x512_16x16_1x1_32x8x1_32x8x1_1x16x1x16_4x4x1_1x1_intrawave_v3,230.7,3650.9,0.0
gfx950,256,32,8192,8192,torch.float8_e4m3fn,34,0,18.0338,a8w8_rowwise_256x16x64x512_16x16_1x1_32x8x1_32x8x1_1x16x1x16_4x4x1_1x1_intrawave_v3,238.16,3764.89,0.0
gfx950,256,32,8192,8192,torch.int8,34,0,17.4586,a8w8_rowwise_256x16x64x512_16x16_1x1_32x8x1_32x8x1_1x16x1x16_4x4x1_1x1_intrawave_v3,246.01,3888.93,0.0
gfx950,256,32,8192,28672,torch.int8,34,0,54.7382,a8w8_rowwise_256x16x64x512_16x16_1x1_32x8x1_32x8x1_1x16x1x16_4x4x1_1x1_intrawave_v3,274.62,4317.33,0.0
gfx950,256,64,8192,1024,torch.float8_e4m3fn,79,0,7.3716,a8w8_rowwise_128x16x32x128_16x16_1x1_8x16x1_8x16x1_1x16x1x8_4x4x1_1x1_interwave_v2,145.66,1289.1,0.0
gfx950,256,64,8192,2048,torch.int8,30,0,7.5798,a8w8_rowwise_256x32x64x512_16x16_1x2_32x8x1_32x8x1_1x32x1x8_8x8x1_1x2_intrawave_v3,283.32,2369.04,0.0
gfx950,256,64,8192,3584,torch.int8,30,0,11.279,a8w8_rowwise_256x32x64x512_16x16_1x2_32x8x1_32x8x1_1x32x1x8_8x8x1_1x2_intrawave_v3,333.19,2716.38,0.0
gfx950,256,64,8192,7168,torch.int8,30,0,17.495,a8w8_rowwise_256x32x64x512_16x16_1x2_32x8x1_32x8x1_1x32x1x8_8x8x1_1x2_intrawave_v3,429.62,3442.56,0.0
gfx950,256,64,8192,8192,torch.float8_e4m3fn,30,0,19.8829,a8w8_rowwise_256x32x64x512_16x16_1x2_32x8x1_32x8x1_1x32x1x8_8x8x1_1x2_intrawave_v3,432.03,3454.31,0.0
gfx950,256,64,8192,8192,torch.int8,30,0,19.4045,a8w8_rowwise_256x32x64x512_16x16_1x2_32x8x1_32x8x1_1x32x1x8_8x8x1_1x2_intrawave_v3,442.68,3539.47,0.0
gfx950,256,64,8192,28672,torch.int8,30,0,61.7622,a8w8_rowwise_256x32x64x512_16x16_1x2_32x8x1_32x8x1_1x32x1x8_8x8x1_1x2_intrawave_v3,486.78,3849.68,0.0
gfx950,256,128,8192,1024,torch.float8_e4m3fn,15,0,8.3628,a8w8_rowwise_256x128x64x256_32x32_2x1_16x16x1_16x16x1_1x32x1x8_8x8x1_1x1_intrawave_v3,256.79,1269.53,0.0
gfx950,256,128,8192,1024,torch.int8,28,0,7.1186,a8w8_rowwise_256x32x128x256_32x32_1x1_16x16x1_16x16x1_1x32x1x8_8x8x1_1x1_intrawave_v3,301.67,1491.42,0.0
gfx950,256,128,8192,2048,torch.int8,23,0,10.2945,a8w8_rowwise_256x64x64x512_32x32_1x1_32x8x1_32x8x1_1x32x1x8_8x8x1_1x1_intrawave_v3,417.21,1858.91,0.0
gfx950,256,128,8192,3584,torch.int8,28,0,13.8708,a8w8_rowwise_256x32x128x256_32x32_1x1_16x16x1_16x16x1_1x32x1x8_8x8x1_1x1_intrawave_v3,541.87,2300.95,0.0
gfx950,256,128,8192,7168,torch.int8,28,0,24.2653,a8w8_rowwise_256x32x128x256_32x32_1x1_16x16x1_16x16x1_1x32x1x8_8x8x1_1x1_intrawave_v3,619.5,2544.16,0.0
gfx950,256,128,8192,8192,torch.float8_e4m3fn,23,0,23.2545,a8w8_rowwise_256x64x64x512_32x32_1x1_32x8x1_32x8x1_1x32x1x8_8x8x1_1x1_intrawave_v3,738.78,3021.12,0.0
gfx950,256,128,8192,8192,torch.int8,28,0,26.3513,a8w8_rowwise_256x32x128x256_32x32_1x1_16x16x1_16x16x1_1x32x1x8_8x8x1_1x1_intrawave_v3,651.96,2666.08,0.0
gfx950,256,128,8192,28672,torch.int8,28,0,87.5085,a8w8_rowwise_256x32x128x256_32x32_1x1_16x16x1_16x16x1_1x32x1x8_8x8x1_1x1_intrawave_v3,687.13,2750.0,0.0
gfx950,256,192,8192,1024,torch.float8_e4m3fn,21,0,8.6496,a8w8_rowwise_256x64x128x256_32x32_1x2_16x16x1_16x16x1_1x32x1x8_8x8x1_1x1_intrawave_v3,372.41,1356.24,0.0
gfx950,256,256,8192,1024,torch.float8_e4m3fn,15,0,9.1986,a8w8_rowwise_256x128x64x256_32x32_2x1_16x16x1_16x16x1_1x32x1x8_8x8x1_1x1_intrawave_v3,466.92,1396.41,0.0
gfx950,256,256,8192,1024,torch.int8,21,0,8.6043,a8w8_rowwise_256x64x128x256_32x32_1x2_16x16x1_16x16x1_1x32x1x8_8x8x1_1x1_intrawave_v3,499.17,1492.86,0.0
gfx950,256,256,8192,2048,torch.int8,15,0,10.9387,a8w8_rowwise_256x128x64x256_32x32_2x1_16x16x1_16x16x1_1x32x1x8_8x8x1_1x1_intrawave_v3,785.28,1965.12,0.0
gfx950,256,256,8192,3584,torch.int8,15,0,16.5846,a8w8_rowwise_256x128x64x256_32x32_2x1_16x16x1_16x16x1_1x32x1x8_8x8x1_1x1_intrawave_v3,906.41,2078.55,0.0
gfx950,256,256,8192,7168,torch.int8,21,0,29.138,a8w8_rowwise_256x64x128x256_32x32_1x2_16x16x1_16x16x1_1x32x1x8_8x8x1_1x1_intrawave_v3,1031.81,2222.17,0.0
gfx950,256,256,8192,8192,torch.float8_e4m3fn,15,0,31.0706,a8w8_rowwise_256x128x64x256_32x32_2x1_16x16x1_16x16x1_1x32x1x8_8x8x1_1x1_intrawave_v3,1105.86,2362.37,0.0
gfx950,256,256,8192,8192,torch.int8,15,0,31.6256,a8w8_rowwise_256x128x64x256_32x32_2x1_16x16x1_16x16x1_1x32x1x8_8x8x1_1x1_intrawave_v3,1086.45,2320.91,0.0
gfx950,256,256,8192,28672,torch.int8,15,0,102.0397,a8w8_rowwise_256x128x64x256_32x32_2x1_16x16x1_16x16x1_1x32x1x8_8x8x1_1x1_intrawave_v3,1178.55,2414.9,0.0
gfx950,256,320,8192,1024,torch.float8_e4m3fn,62,0,12.0692,a8w8_rowwise_128x32x64x128_32x32_1x1_8x16x1_8x16x1_1x16x1x8_8x8x1_1x1_intrawave_v2,444.83,1156.59,0.0
gfx950,256,512,8192,1024,torch.float8_e4m3fn,13,0,12.6356,a8w8_rowwise_256x128x128x128_32x32_2x2_8x32x1_8x32x1_1x32x1x8_8x8x1_1x1_intrawave_v3,679.82,1369.27,0.0
gfx950,256,512,8192,1024,torch.int8,13,0,11.7749,a8w8_rowwise_256x128x128x128_32x32_2x2_8x32x1_8x32x1_1x32x1x8_8x8x1_1x1_intrawave_v3,729.51,1469.35,0.0
gfx950,256,512,8192,2048,torch.int8,41,0,16.8904,a8w8_rowwise_256x128x128x128_32x32_2x2_8x32x1_8x32x1_1x32x1x8_8x8x1_1x1_intrawave_v5,1017.14,1552.03,0.0
gfx950,256,512,8192,3584,torch.int8,41,0,24.9561,a8w8_rowwise_256x128x128x128_32x32_2x2_8x32x1_8x32x1_1x32x1x8_8x8x1_1x1_intrawave_v5,1204.71,1586.14,0.0
gfx950,256,512,8192,7168,torch.int8,41,0,44.168,a8w8_rowwise_256x128x128x128_32x32_2x2_8x32x1_8x32x1_1x32x1x8_8x8x1_1x1_intrawave_v5,1361.38,1602.49,0.0
gfx950,256,512,8192,8192,torch.int8,13,0,51.209,a8w8_rowwise_256x128x128x128_32x32_2x2_8x32x1_8x32x1_1x32x1x8_8x8x1_1x1_intrawave_v3,1341.94,1556.21,0.0
gfx950,256,512,8192,28672,torch.int8,41,0,150.8316,a8w8_rowwise_256x128x128x128_32x32_2x2_8x32x1_8x32x1_1x32x1x8_8x8x1_1x1_intrawave_v5,1594.61,1710.18,0.0
gfx950,256,1024,8192,1024,torch.float8_e4m3fn,13,0,18.4495,a8w8_rowwise_256x128x128x128_32x32_2x2_8x32x1_8x32x1_1x32x1x8_8x8x1_1x1_intrawave_v3,931.18,1420.87,0.0
gfx950,256,1024,8192,1024,torch.int8,13,0,17.3848,a8w8_rowwise_256x128x128x128_32x32_2x2_8x32x1_8x32x1_1x32x1x8_8x8x1_1x1_intrawave_v3,988.21,1507.89,0.0
gfx950,256,1024,8192,2048,torch.int8,41,0,27.2285,a8w8_rowwise_256x128x128x128_32x32_2x2_8x32x1_8x32x1_1x32x1x8_8x8x1_1x1_intrawave_v5,1261.9,1309.35,0.0
gfx950,256,1024,8192,3584,torch.int8,13,0,43.9928,a8w8_rowwise_256x128x128x128_32x32_2x2_8x32x1_8x32x1_1x32x1x8_8x8x1_1x1_intrawave_v3,1366.8,1132.17,0.0
gfx950,256,1024,8192,7168,torch.int8,13,0,79.3336,a8w8_rowwise_256x128x128x128_32x32_2x2_8x32x1_8x32x1_1x32x1x8_8x8x1_1x1_intrawave_v3,1515.87,1044.17,0.0
gfx950,256,1024,8192,8192,torch.int8,13,0,88.9386,a8w8_rowwise_256x128x128x128_32x32_2x2_8x32x1_8x32x1_1x32x1x8_8x8x1_1x1_intrawave_v3,1545.32,1037.51,0.0
gfx950,256,1024,8192,28672,torch.int8,41,0,274.6402,a8w8_rowwise_256x128x128x128_32x32_2x2_8x32x1_8x32x1_1x32x1x8_8x8x1_1x1_intrawave_v5,1751.51,1023.22,0.0
gfx950,256,2048,8192,1024,torch.float8_e4m3fn,43,0,31.5009,a8w8_rowwise_256x256x128x64_32x32_4x2_4x64x1_4x64x1_1x32x1x8_8x8x1_1x1_interwave_v1,1090.75,1398.06,0.0
gfx950,256,2048,8192,1024,torch.int8,1,0,29.7892,a8w8_rowwise_256x256x256x128_32x32_4x4_8x32x1_8x32x1_1x32x1x8_8x8x1_1x1_intrawave_v3,1153.43,1478.39,0.0
gfx950,256,2048,8192,2048,torch.int8,1,0,42.7444,a8w8_rowwise_256x256x256x128_32x32_4x4_8x32x1_8x32x1_1x32x1x8_8x8x1_1x1_intrawave_v3,1607.68,1275.63,0.0
gfx950,256,2048,8192,3584,torch.int8,1,0,65.1518,a8w8_rowwise_256x256x256x128_32x32_4x4_8x32x1_8x32x1_1x32x1x8_8x8x1_1x1_intrawave_v3,1845.83,1078.32,0.0
gfx950,256,2048,8192,7168,torch.int8,1,0,113.2102,a8w8_rowwise_256x256x256x128_32x32_4x4_8x32x1_8x32x1_1x32x1x8_8x8x1_1x1_intrawave_v3,2124.53,944.74,0.0
gfx950,256,2048,8192,8192,torch.int8,1,0,125.3472,a8w8_rowwise_256x256x256x128_32x32_4x4_8x32x1_8x32x1_1x32x1x8_8x8x1_1x1_intrawave_v3,2192.93,936.92,0.0
gfx950,256,2048,8192,28672,torch.int8,1,0,387.0603,a8w8_rowwise_256x256x256x128_32x32_4x4_8x32x1_8x32x1_1x32x1x8_8x8x1_1x1_intrawave_v3,2485.59,845.23,0.0
gfx950,256,4096,8192,1024,torch.float8_e4m3fn,43,0,59.9656,a8w8_rowwise_256x256x128x64_32x32_4x2_4x64x1_4x64x1_1x32x1x8_8x8x1_1x1_interwave_v1,1145.98,1328.96,0.0
gfx950,256,4096,8192,1024,torch.int8,1,0,55.6305,a8w8_rowwise_256x256x256x128_32x32_4x4_8x32x1_8x32x1_1x32x1x8_8x8x1_1x1_intrawave_v3,1235.28,1432.52,0.0
gfx950,256,4096,8192,2048,torch.int8,1,0,83.0059,a8w8_rowwise_256x256x256x128_32x32_4x4_8x32x1_8x32x1_1x32x1x8_8x8x1_1x1_intrawave_v3,1655.77,1111.66,0.0
gfx950,256,4096,8192,3584,torch.int8,1,0,122.3648,a8w8_rowwise_256x256x256x128_32x32_4x4_8x32x1_8x32x1_1x32x1x8_8x8x1_1x1_intrawave_v3,1965.58,908.34,0.0
gfx950,256,4096,8192,7168,torch.int8,1,0,215.6239,a8w8_rowwise_256x256x256x128_32x32_4x4_8x32x1_8x32x1_1x32x1x8_8x8x1_1x1_intrawave_v3,2230.9,719.72,0.0
gfx950,256,4096,8192,8192,torch.int8,1,0,240.0438,a8w8_rowwise_256x256x256x128_32x32_4x4_8x32x1_8x32x1_1x32x1x8_8x8x1_1x1_intrawave_v3,2290.23,698.92,0.0
gfx950,256,4096,8192,28672,torch.int8,1,0,764.1022,a8w8_rowwise_256x256x256x128_32x32_4x4_8x32x1_8x32x1_1x32x1x8_8x8x1_1x1_intrawave_v3,2518.18,548.92,0.0
gfx950,256,8192,8192,1024,torch.float8_e4m3fn,10,0,119.8588,a8w8_rowwise_256x128x192x128_32x32_2x3_8x32x1_8x32x1_1x32x1x8_8x8x1_1x1_intrawave_v3,1146.67,1259.77,0.0
gfx950,256,8192,8192,1024,torch.int8,1,0,105.9654,a8w8_rowwise_256x256x256x128_32x32_4x4_8x32x1_8x32x1_1x32x1x8_8x8x1_1x1_intrawave_v3,1297.02,1424.95,0.0
gfx950,256,8192,8192,2048,torch.int8,1,0,159.9883,a8w8_rowwise_256x256x256x128_32x32_4x4_8x32x1_8x32x1_1x32x1x8_8x8x1_1x1_intrawave_v3,1718.11,1048.65,0.0
gfx950,256,8192,8192,3584,torch.int8,1,0,232.9396,a8w8_rowwise_256x256x256x128_32x32_4x4_8x32x1_8x32x1_1x32x1x8_8x8x1_1x1_intrawave_v3,2065.07,828.27,0.0
gfx950,256,8192,8192,7168,torch.int8,1,0,412.978,a8w8_rowwise_256x256x256x128_32x32_4x4_8x32x1_8x32x1_1x32x1x8_8x8x1_1x1_intrawave_v3,2329.6,609.37,0.0
gfx950,256,8192,8192,8192,torch.int8,1,0,469.2882,a8w8_rowwise_256x256x256x128_32x32_4x4_8x32x1_8x32x1_1x32x1x8_8x8x1_1x1_intrawave_v3,2342.93,572.01,0.0
gfx950,256,8192,8192,28672,torch.int8,1,0,1532.6908,a8w8_rowwise_256x256x256x128_32x32_4x4_8x32x1_8x32x1_1x32x1x8_8x8x1_1x1_intrawave_v3,2510.81,394.06,0.0
gfx950,256,16384,8192,1024,torch.float8_e4m3fn,10,0,221.8588,a8w8_rowwise_256x128x192x128_32x32_2x3_8x32x1_8x32x1_1x32x1x8_8x8x1_1x1_intrawave_v3,1238.98,1323.37,0.0
gfx950,256,16384,8192,1024,torch.int8,10,0,198.2601,a8w8_rowwise_256x128x192x128_32x32_2x3_8x32x1_8x32x1_1x32x1x8_8x8x1_1x1_intrawave_v3,1386.45,1480.89,0.0
gfx950,256,16384,8192,2048,torch.int8,1,0,299.7045,a8w8_rowwise_256x256x256x128_32x32_4x4_8x32x1_8x32x1_1x32x1x8_8x8x1_1x1_intrawave_v3,1834.33,1063.6,0.0
gfx950,256,16384,8192,3584,torch.int8,1,0,463.2471,a8w8_rowwise_256x256x256x128_32x32_4x4_8x32x1_8x32x1_1x32x1x8_8x8x1_1x1_intrawave_v3,2076.8,769.6,0.0
gfx950,256,16384,8192,7168,torch.int8,1,0,819.3844,a8w8_rowwise_256x256x256x128_32x32_4x4_8x32x1_8x32x1_1x32x1x8_8x8x1_1x1_intrawave_v3,2348.28,542.6,0.0
gfx950,256,16384,8192,8192,torch.int8,1,0,933.9446,a8w8_rowwise_256x256x256x128_32x32_4x4_8x32x1_8x32x1_1x32x1x8_8x8x1_1x1_intrawave_v3,2354.55,502.99,0.0
gfx950,256,16384,8192,28672,torch.int8,1,0,3088.0838,a8w8_rowwise_256x256x256x128_32x32_4x4_8x32x1_8x32x1_1x32x1x8_8x8x1_1x1_intrawave_v3,2492.35,315.11,0.0
gfx950,256,32768,8192,1024,torch.int8,10,0,379.9256,a8w8_rowwise_256x128x192x128_32x32_2x3_8x32x1_8x32x1_1x32x1x8_8x8x1_1x1_intrawave_v3,1447.01,1523.49,0.0
gfx950,256,32768,8192,2048,torch.int8,1,0,594.1387,a8w8_rowwise_256x256x256x128_32x32_4x4_8x32x1_8x32x1_1x32x1x8_8x8x1_1x1_intrawave_v3,1850.6,1044.8,0.0
gfx950,256,32768,8192,3584,torch.int8,1,0,899.1908,a8w8_rowwise_256x256x256x128_32x32_4x4_8x32x1_8x32x1_1x32x1x8_8x8x1_1x1_intrawave_v3,2139.86,760.32,0.0
gfx950,256,32768,8192,7168,torch.int8,1,0,1640.4404,a8w8_rowwise_256x256x256x128_32x32_4x4_8x32x1_8x32x1_1x32x1x8_8x8x1_1x1_intrawave_v3,2345.89,506.25,0.0
gfx950,256,32768,8192,8192,torch.int8,1,0,1837.7153,a8w8_rowwise_256x256x256x128_32x32_4x4_8x32x1_8x32x1_1x32x1x8_8x8x1_1x1_intrawave_v3,2393.21,474.73,0.0
gfx950,256,32768,8192,28672,torch.int8,1,0,6209.7387,a8w8_rowwise_256x256x256x128_32x32_4x4_8x32x1_8x32x1_1x32x1x8_8x8x1_1x1_intrawave_v3,2478.87,275.58,0.0
gfx950,256,384,8448,30080,torch.float8_e4m3fn,41,0,147.1478,a8w8_rowwise_256x128x128x128_32x32_2x2_8x32x1_8x32x1_1x32x1x8_8x8x1_1x1_intrawave_v5,1326.29,1849.53,0.0
gfx950,256,1,9216,16384,torch.int8,34,0,34.1179,a8w8_rowwise_256x16x64x512_16x16_1x1_32x8x1_32x8x1_1x16x1x16_4x4x1_1x1_intrawave_v3,8.85,4426.7,0.0
gfx950,256,16,9216,16384,torch.int8,34,0,33.174,a8w8_rowwise_256x16x64x512_16x16_1x1_32x8x1_32x8x1_1x16x1x16_4x4x1_1x1_intrawave_v3,145.65,4568.4,0.0
gfx950,256,32,9216,16384,torch.int8,30,0,34.6699,a8w8_rowwise_256x32x64x512_16x16_1x2_32x8x1_32x8x1_1x32x1x8_8x8x1_1x2_intrawave_v3,278.73,4387.35,0.0
gfx950,256,64,9216,16384,torch.int8,23,0,41.0647,a8w8_rowwise_256x64x64x512_32x32_1x1_32x8x1_32x8x1_1x32x1x8_8x8x1_1x1_intrawave_v3,470.66,3731.26,0.0
gfx950,256,128,9216,16384,torch.int8,23,0,59.454,a8w8_rowwise_256x64x64x512_32x32_1x1_32x8x1_32x8x1_1x32x1x8_8x8x1_1x1_intrawave_v3,650.16,2614.65,0.0
gfx950,256,256,9216,16384,torch.int8,23,0,86.8248,a8w8_rowwise_256x64x64x512_32x32_1x1_32x8x1_32x8x1_1x32x1x8_8x8x1_1x1_intrawave_v3,890.41,1841.73,0.0
gfx950,256,512,9216,16384,torch.int8,23,0,141.9471,a8w8_rowwise_256x64x64x512_32x32_1x1_32x8x1_32x8x1_1x32x1x8_8x8x1_1x1_intrawave_v3,1089.27,1189.32,0.0
gfx950,256,1024,9216,16384,torch.int8,15,0,243.9282,a8w8_rowwise_256x128x64x256_32x32_2x1_16x16x1_16x16x1_1x32x1x8_8x8x1_1x1_intrawave_v3,1267.74,765.17,0.0
gfx950,256,2048,9216,16384,torch.int8,15,0,431.0243,a8w8_rowwise_256x128x64x256_32x32_2x1_16x16x1_16x16x1_1x32x1x8_8x8x1_1x1_intrawave_v3,1434.9,515.74,0.0
gfx950,256,4096,9216,16384,torch.int8,39,0,778.6417,a8w8_rowwise_256x224x256x128_16x16_7x8_8x32x1_8x32x1_1x32x1x8_8x8x1_1x2_intrawave_v3,1588.6,377.07,0.0
gfx950,256,8192,9216,16384,torch.int8,43,0,1557.3892,a8w8_rowwise_256x256x128x64_32x32_4x2_4x64x1_4x64x1_1x32x1x8_8x8x1_1x1_interwave_v1,1588.49,280.09,0.0
gfx950,256,16384,9216,16384,torch.int8,1,0,2949.0967,a8w8_rowwise_256x256x256x128_32x32_4x4_8x32x1_8x32x1_1x32x1x8_8x8x1_1x1_intrawave_v3,1677.73,244.62,0.0
gfx950,256,32768,9216,16384,torch.int8,1,0,5884.19,a8w8_rowwise_256x256x256x128_32x32_4x4_8x32x1_8x32x1_1x32x1x8_8x8x1_1x1_intrawave_v3,1681.73,219.55,0.0
gfx950,256,1,10240,8192,torch.int8,34,0,20.5574,a8w8_rowwise_256x16x64x512_16x16_1x1_32x8x1_32x8x1_1x16x1x16_4x4x1_1x1_intrawave_v3,8.16,4081.97,0.0
gfx950,256,16,10240,8192,torch.float8_e4m3fn,34,0,19.5591,a8w8_rowwise_256x16x64x512_16x16_1x1_32x8x1_32x8x1_1x16x1x16_4x4x1_1x1_intrawave_v3,137.24,4312.31,0.0
gfx950,256,16,10240,8192,torch.int8,34,0,18.6072,a8w8_rowwise_256x16x64x512_16x16_1x1_32x8x1_32x8x1_1x16x1x16_4x4x1_1x1_intrawave_v3,144.26,4532.91,0.0
gfx950,256,32,10240,8192,torch.float8_e4m3fn,30,0,21.4049,a8w8_rowwise_256x32x64x512_16x16_1x2_32x8x1_32x8x1_1x32x1x8_8x8x1_1x2_intrawave_v3,250.82,3961.88,0.0
gfx950,256,32,10240,8192,torch.int8,30,0,20.8953,a8w8_rowwise_256x32x64x512_16x16_1x2_32x8x1_32x8x1_1x32x1x8_8x8x1_1x2_intrawave_v3,256.93,4058.5,0.0
gfx950,256,64,10240,8192,torch.float8_e4m3fn,23,0,24.8931,a8w8_rowwise_256x64x64x512_32x32_1x1_32x8x1_32x8x1_1x32x1x8_8x8x1_1x1_intrawave_v3,431.34,3443.57,0.0
gfx950,256,64,10240,8192,torch.int8,28,0,27.6213,a8w8_rowwise_256x32x128x256_32x32_1x1_16x16x1_16x16x1_1x32x1x8_8x8x1_1x1_intrawave_v3,388.74,3103.44,0.0
gfx950,256,128,10240,8192,torch.float8_e4m3fn,22,0,30.8204,a8w8_rowwise_256x64x96x256_16x16_2x3_16x16x1_16x16x1_1x64x1x4_8x8x1_2x1_intrawave_v3,696.77,2840.85,0.0
gfx950,256,128,10240,8192,torch.int8,15,0,31.2683,a8w8_rowwise_256x128x64x256_32x32_2x1_16x16x1_16x16x1_1x32x1x8_8x8x1_1x1_intrawave_v3,686.79,2800.16,0.0
gfx950,256,256,10240,8192,torch.float8_e4m3fn,14,0,37.6153,a8w8_rowwise_256x128x96x256_32x32_1x3_16x16x1_16x16x1_1x64x1x4_8x8x1_1x1_intrawave_v3,1141.81,2425.24,0.0
gfx950,256,256,10240,8192,torch.int8,41,0,42.9954,a8w8_rowwise_256x128x128x128_32x32_2x2_8x32x1_8x32x1_1x32x1x8_8x8x1_1x1_intrawave_v5,998.94,2121.76,0.0
gfx950,256,512,10240,8192,torch.int8,11,0,61.9597,a8w8_rowwise_256x128x160x128_32x32_1x5_8x32x1_8x32x1_1x64x1x4_8x8x1_1x1_intrawave_v3,1386.37,1590.81,0.0
gfx950,256,1024,10240,8192,torch.int8,4,0,89.391,a8w8_rowwise_256x256x160x128_32x32_2x5_8x32x1_8x32x1_1x64x1x4_8x8x1_2x1_intrawave_v3,1921.88,1266.86,0.0
gfx950,256,2048,10240,8192,torch.int8,4,0,170.1034,a8w8_rowwise_256x256x160x128_32x32_2x5_8x32x1_8x32x1_1x64x1x4_8x8x1_2x1_intrawave_v3,2019.93,838.35,0.0
gfx950,256,4096,10240,8192,torch.int8,1,0,318.603,a8w8_rowwise_256x256x256x128_32x32_4x4_8x32x1_8x32x1_1x32x1x8_8x8x1_1x1_intrawave_v3,2156.9,631.9,0.0
gfx950,256,8192,10240,8192,torch.int8,1,0,575.9516,a8w8_rowwise_256x256x256x128_32x32_4x4_8x32x1_8x32x1_1x32x1x8_8x8x1_1x1_intrawave_v3,2386.29,553.46,0.0
gfx950,256,16384,10240,8192,torch.int8,1,0,1149.3883,a8w8_rowwise_256x256x256x128_32x32_4x4_8x32x1_8x32x1_1x32x1x8_8x8x1_1x1_intrawave_v3,2391.51,481.69,0.0
gfx950,256,32768,10240,8192,torch.int8,1,0,2299.333,a8w8_rowwise_256x256x256x128_32x32_4x4_8x32x1_8x32x1_1x32x1x8_8x8x1_1x1_intrawave_v3,2390.94,445.09,0.0
gfx950,256,1,12800,5120,torch.int8,34,0,14.7015,a8w8_rowwise_256x16x64x512_16x16_1x1_32x8x1_32x8x1_1x16x1x16_4x4x1_1x1_intrawave_v3,8.92,4459.87,0.0
gfx950,256,16,12800,5120,torch.int8,34,0,14.2563,a8w8_rowwise_256x16x64x512_16x16_1x1_32x8x1_32x8x1_1x16x1x16_4x4x1_1x1_intrawave_v3,147.1,4631.46,0.0
gfx950,256,32,12800,5120,torch.int8,30,0,14.9578,a8w8_rowwise_256x32x64x512_16x16_1x2_32x8x1_32x8x1_1x32x1x8_8x8x1_1x2_intrawave_v3,280.41,4447.11,0.0
gfx950,256,64,12800,5120,torch.int8,23,0,18.5404,a8w8_rowwise_256x64x64x512_32x32_1x1_32x8x1_32x8x1_1x32x1x8_8x8x1_1x1_intrawave_v3,452.45,3640.81,0.0
gfx950,256,128,12800,5120,torch.int8,23,0,25.5896,a8w8_rowwise_256x64x64x512_32x32_1x1_32x8x1_32x8x1_1x32x1x8_8x8x1_1x1_intrawave_v3,655.63,2714.7,0.0
gfx950,256,256,12800,5120,torch.int8,15,0,42.5463,a8w8_rowwise_256x128x64x256_32x32_2x1_16x16x1_16x16x1_1x32x1x8_8x8x1_1x1_intrawave_v3,788.66,1725.19,0.0
gfx950,256,512,12800,5120,torch.int8,23,0,74.3061,a8w8_rowwise_256x64x64x512_32x32_1x1_32x8x1_32x8x1_1x32x1x8_8x8x1_1x1_intrawave_v3,903.14,1093.65,0.0
gfx950,256,1024,12800,5120,torch.int8,40,0,104.2861,a8w8_rowwise_256x256x224x128_16x16_8x7_8x32x1_8x32x1_1x64x1x4_8x8x1_2x1_intrawave_v3,1287.01,930.07,0.0
gfx950,256,2048,12800,5120,torch.int8,39,0,188.6903,a8w8_rowwise_256x224x256x128_16x16_7x8_8x32x1_8x32x1_1x32x1x8_8x8x1_1x2_intrawave_v3,1422.62,680.75,0.0
gfx950,256,4096,12800,5120,torch.int8,39,0,356.6531,a8w8_rowwise_256x224x256x128_16x16_7x8_8x32x1_8x32x1_1x32x1x8_8x8x1_1x2_intrawave_v3,1505.3,536.56,0.0
gfx950,256,8192,12800,5120,torch.int8,39,0,683.3672,a8w8_rowwise_256x224x256x128_16x16_7x8_8x32x1_8x32x1_1x32x1x8_8x8x1_1x2_intrawave_v3,1571.25,464.16,0.0
gfx950,256,16384,12800,5120,torch.int8,39,0,1303.8826,a8w8_rowwise_256x224x256x128_16x16_7x8_8x32x1_8x32x1_1x32x1x8_8x8x1_1x2_intrawave_v3,1646.99,436.28,0.0
gfx950,256,32768,12800,5120,torch.int8,39,0,2481.3683,a8w8_rowwise_256x224x256x128_16x16_7x8_8x32x1_8x32x1_1x32x1x8_8x8x1_1x2_intrawave_v3,1730.89,432.09,0.0
gfx950,256,1,13312,16384,torch.int8,34,0,43.9839,a8w8_rowwise_256x16x64x512_16x16_1x1_32x8x1_32x8x1_1x16x1x16_4x4x1_1x1_intrawave_v3,9.92,4959.7,0.0
gfx950,256,16,13312,16384,torch.int8,30,0,45.4589,a8w8_rowwise_256x32x64x512_16x16_1x2_32x8x1_32x8x1_1x32x1x8_8x8x1_1x2_intrawave_v3,153.53,4812.96,0.0
gfx950,256,32,13312,16384,torch.int8,30,0,46.5921,a8w8_rowwise_256x32x64x512_16x16_1x2_32x8x1_32x8x1_1x32x1x8_8x8x1_1x2_intrawave_v3,299.59,4710.67,0.0
gfx950,256,64,13312,16384,torch.int8,23,0,50.0251,a8w8_rowwise_256x64x64x512_32x32_1x1_32x8x1_32x8x1_1x32x1x8_8x8x1_1x1_intrawave_v3,558.07,4414.91,0.0
gfx950,256,128,13312,16384,torch.int8,23,0,65.9651,a8w8_rowwise_256x64x64x512_32x32_1x1_32x8x1_32x8x1_1x32x1x8_8x8x1_1x1_intrawave_v3,846.43,3389.81,0.0
gfx950,256,256,13312,16384,torch.int8,23,0,113.4219,a8w8_rowwise_256x64x64x512_32x32_1x1_32x8x1_32x8x1_1x32x1x8_8x8x1_1x1_intrawave_v3,984.55,2020.01,0.0
gfx950,256,512,13312,16384,torch.int8,23,0,199.0315,a8w8_rowwise_256x64x64x512_32x32_1x1_32x8x1_32x8x1_1x32x1x8_8x8x1_1x1_intrawave_v3,1122.13,1206.46,0.0
gfx950,256,1024,13312,16384,torch.int8,40,0,306.5211,a8w8_rowwise_256x256x224x128_16x16_8x7_8x32x1_8x32x1_1x64x1x4_8x8x1_2x1_intrawave_v3,1457.25,855.22,0.0
gfx950,256,2048,13312,16384,torch.int8,40,0,609.7983,a8w8_rowwise_256x256x224x128_16x16_8x7_8x32x1_8x32x1_1x64x1x4_8x8x1_2x1_intrawave_v3,1465.0,502.11,0.0
gfx950,256,4096,13312,16384,torch.int8,10,0,1114.1158,a8w8_rowwise_256x128x192x128_32x32_2x3_8x32x1_8x32x1_1x32x1x8_8x8x1_1x1_intrawave_v3,1603.7,353.88,0.0
gfx950,256,8192,13312,16384,torch.int8,40,0,2189.1084,a8w8_rowwise_256x256x224x128_16x16_8x7_8x32x1_8x32x1_1x64x1x4_8x8x1_2x1_intrawave_v3,1632.36,260.57,0.0
gfx950,256,16384,13312,16384,torch.int8,1,0,4134.6494,a8w8_rowwise_256x256x256x128_32x32_4x4_8x32x1_8x32x1_1x32x1x8_8x8x1_1x1_intrawave_v3,1728.52,223.17,0.0
gfx950,256,32768,13312,16384,torch.int8,40,0,8230.5195,a8w8_rowwise_256x256x224x128_16x16_8x7_8x32x1_8x32x1_1x64x1x4_8x8x1_2x1_intrawave_v3,1736.66,197.73,0.0
gfx950,256,1,16384,2048,torch.int8,34,0,8.2219,a8w8_rowwise_256x16x64x512_16x16_1x1_32x8x1_32x8x1_1x16x1x16_4x4x1_1x1_intrawave_v3,8.16,4085.34,0.0
gfx950,256,1,16384,4096,torch.int8,34,0,15.9093,a8w8_rowwise_256x16x64x512_16x16_1x1_32x8x1_32x8x1_1x16x1x16_4x4x1_1x1_intrawave_v3,8.44,4220.53,0.0
gfx950,256,1,16384,6656,torch.int8,34,0,22.3992,a8w8_rowwise_256x16x64x512_16x16_1x1_32x8x1_32x8x1_1x16x1x16_4x4x1_1x1_intrawave_v3,9.74,4870.32,0.0
gfx950,256,1,16384,8192,torch.int8,34,0,29.3945,a8w8_rowwise_256x16x64x512_16x16_1x1_32x8x1_32x8x1_1x16x1x16_4x4x1_1x1_intrawave_v3,9.13,4567.48,0.0
gfx950,256,1,16384,13312,torch.int8,34,0,39.0876,a8w8_rowwise_256x16x64x512_16x16_1x1_32x8x1_32x8x1_1x16x1x16_4x4x1_1x1_intrawave_v3,11.16,5581.05,0.0
gfx950,256,1,16384,26624,torch.int8,34,0,73.9812,a8w8_rowwise_256x16x64x512_16x16_1x1_32x8x1_32x8x1_1x16x1x16_4x4x1_1x1_intrawave_v3,11.79,5897.0,0.0
gfx950,256,16,16384,2048,torch.int8,34,0,8.2068,a8w8_rowwise_256x16x64x512_16x16_1x1_32x8x1_32x8x1_1x16x1x16_4x4x1_1x1_intrawave_v3,130.84,4156.49,0.0
gfx950,256,16,16384,4096,torch.int8,30,0,16.22,a8w8_rowwise_256x32x64x512_16x16_1x2_32x8x1_32x8x1_1x32x1x8_8x8x1_1x2_intrawave_v3,132.4,4173.78,0.0
gfx950,256,16,16384,6656,torch.int8,34,0,21.7401,a8w8_rowwise_256x16x64x512_16x16_1x1_32x8x1_32x8x1_1x16x1x16_4x4x1_1x1_intrawave_v3,160.52,5045.18,0.0
gfx950,256,16,16384,8192,torch.int8,30,0,29.6526,a8w8_rowwise_256x32x64x512_16x16_1x2_32x8x1_32x8x1_1x32x1x8_8x8x1_1x2_intrawave_v3,144.84,4548.44,0.0
gfx950,256,16,16384,13312,torch.int8,34,0,38.6763,a8w8_rowwise_256x16x64x512_16x16_1x1_32x8x1_32x8x1_1x16x1x16_4x4x1_1x1_intrawave_v3,180.45,5658.27,0.0
gfx950,256,16,16384,26624,torch.int8,34,0,73.7744,a8w8_rowwise_256x16x64x512_16x16_1x1_32x8x1_32x8x1_1x16x1x16_4x4x1_1x1_intrawave_v3,189.21,5925.6,0.0
gfx950,256,32,16384,2048,torch.int8,30,0,10.4352,a8w8_rowwise_256x32x64x512_16x16_1x2_32x8x1_32x8x1_1x32x1x8_8x8x1_1x2_intrawave_v3,205.79,3322.27,0.0
gfx950,256,32,16384,4096,torch.int8,30,0,16.4693,a8w8_rowwise_256x32x64x512_16x16_1x2_32x8x1_32x8x1_1x32x1x8_8x8x1_1x2_intrawave_v3,260.79,4146.41,0.0
gfx950,256,32,16384,6656,torch.int8,30,0,22.4014,a8w8_rowwise_256x32x64x512_16x16_1x2_32x8x1_32x8x1_1x32x1x8_8x8x1_1x2_intrawave_v3,311.56,4924.4,0.0
gfx950,256,32,16384,8192,torch.int8,30,0,30.4324,a8w8_rowwise_256x32x64x512_16x16_1x2_32x8x1_32x8x1_1x32x1x8_8x8x1_1x2_intrawave_v3,282.26,4453.43,0.0
gfx950,256,32,16384,13312,torch.int8,30,0,39.8351,a8w8_rowwise_256x32x64x512_16x16_1x2_32x8x1_32x8x1_1x32x1x8_8x8x1_1x2_intrawave_v3,350.41,5512.18,0.0
gfx950,256,32,16384,26624,torch.int8,30,0,74.3742,a8w8_rowwise_256x32x64x512_16x16_1x2_32x8x1_32x8x1_1x32x1x8_8x8x1_1x2_intrawave_v3,375.36,5890.59,0.0
gfx950,256,64,16384,2048,torch.int8,23,0,11.4046,a8w8_rowwise_256x64x64x512_32x32_1x1_32x8x1_32x8x1_1x32x1x8_8x8x1_1x1_intrawave_v3,376.6,3137.56,0.0
gfx950,256,64,16384,4096,torch.int8,23,0,19.0989,a8w8_rowwise_256x64x64x512_32x32_1x1_32x8x1_32x8x1_1x32x1x8_8x8x1_1x1_intrawave_v3,449.76,3637.29,0.0
gfx950,256,64,16384,6656,torch.int8,23,0,26.4384,a8w8_rowwise_256x64x64x512_32x32_1x1_32x8x1_32x8x1_1x32x1x8_8x8x1_1x1_intrawave_v3,527.97,4220.19,0.0
gfx950,256,64,16384,8192,torch.int8,23,0,33.8597,a8w8_rowwise_256x64x64x512_32x32_1x1_32x8x1_32x8x1_1x32x1x8_8x8x1_1x1_intrawave_v3,507.38,4041.36,0.0
gfx950,256,64,16384,13312,torch.int8,23,0,46.8247,a8w8_rowwise_256x64x64x512_32x32_1x1_32x8x1_32x8x1_1x32x1x8_8x8x1_1x1_intrawave_v3,596.21,4720.86,0.0
gfx950,256,64,16384,26624,torch.int8,23,0,89.8884,a8w8_rowwise_256x64x64x512_32x32_1x1_32x8x1_32x8x1_1x32x1x8_8x8x1_1x1_intrawave_v3,621.15,4895.06,0.0
gfx950,256,128,16384,2048,torch.int8,23,0,14.5668,a8w8_rowwise_256x64x64x512_32x32_1x1_32x8x1_32x8x1_1x32x1x8_8x8x1_1x1_intrawave_v3,589.69,2609.42,0.0
gfx950,256,128,16384,4096,torch.int8,23,0,23.3525,a8w8_rowwise_256x64x64x512_32x32_1x1_32x8x1_32x8x1_1x32x1x8_8x8x1_1x1_intrawave_v3,735.68,3075.79,0.0
gfx950,256,128,16384,6656,torch.int8,23,0,34.0329,a8w8_rowwise_256x64x64x512_32x32_1x1_32x8x1_32x8x1_1x32x1x8_8x8x1_1x1_intrawave_v3,820.3,3352.58,0.0
gfx950,256,128,16384,8192,torch.int8,23,0,45.1385,a8w8_rowwise_256x64x64x512_32x32_1x1_32x8x1_32x8x1_1x32x1x8_8x8x1_1x1_intrawave_v3,761.21,3089.62,0.0
gfx950,256,128,16384,13312,torch.int8,23,0,61.6432,a8w8_rowwise_256x64x64x512_32x32_1x1_32x8x1_32x8x1_1x32x1x8_8x8x1_1x1_intrawave_v3,905.77,3633.85,0.0
gfx950,256,128,16384,26624,torch.int8,23,0,118.3409,a8w8_rowwise_256x64x64x512_32x32_1x1_32x8x1_32x8x1_1x32x1x8_8x8x1_1x1_intrawave_v3,943.62,3750.27,0.0
gfx950,256,256,16384,2048,torch.int8,15,0,22.0982,a8w8_rowwise_256x128x64x256_32x32_2x1_16x16x1_16x16x1_1x32x1x8_8x8x1_1x1_intrawave_v3,777.43,1921.76,0.0
gfx950,256,256,16384,4096,torch.int8,15,0,39.8495,a8w8_rowwise_256x128x64x256_32x32_2x1_16x16x1_16x16x1_1x32x1x8_8x8x1_1x1_intrawave_v3,862.24,1920.88,0.0
gfx950,256,256,16384,6656,torch.int8,23,0,57.6756,a8w8_rowwise_256x64x64x512_32x32_1x1_32x8x1_32x8x1_1x32x1x8_8x8x1_1x1_intrawave_v3,968.08,2065.77,0.0
gfx950,256,256,16384,8192,torch.int8,15,0,72.9104,a8w8_rowwise_256x128x64x256_32x32_2x1_16x16x1_16x16x1_1x32x1x8_8x8x1_1x1_intrawave_v3,942.52,1984.68,0.0
gfx950,256,256,16384,13312,torch.int8,23,0,106.2833,a8w8_rowwise_256x64x64x512_32x32_1x1_32x8x1_32x8x1_1x32x1x8_8x8x1_1x1_intrawave_v3,1050.67,2163.09,0.0
gfx950,256,256,16384,26624,torch.int8,23,0,202.2465,a8w8_rowwise_256x64x64x512_32x32_1x1_32x8x1_32x8x1_1x32x1x8_8x8x1_1x1_intrawave_v3,1104.29,2231.99,0.0
gfx950,256,512,16384,2048,torch.int8,15,0,38.4305,a8w8_rowwise_256x128x64x256_32x32_2x1_16x16x1_16x16x1_1x32x1x8_8x8x1_1x1_intrawave_v3,894.07,1336.96,0.0
gfx950,256,512,16384,4096,torch.int8,15,0,65.4454,a8w8_rowwise_256x128x64x256_32x32_2x1_16x16x1_16x16x1_1x32x1x8_8x8x1_1x1_intrawave_v3,1050.03,1313.82,0.0
gfx950,256,512,16384,6656,torch.int8,15,0,102.3241,a8w8_rowwise_256x128x64x256_32x32_2x1_16x16x1_16x16x1_1x32x1x8_8x8x1_1x1_intrawave_v3,1091.33,1263.02,0.0
gfx950,256,512,16384,8192,torch.int8,15,0,123.6929,a8w8_rowwise_256x128x64x256_32x32_2x1_16x16x1_16x16x1_1x32x1x8_8x8x1_1x1_intrawave_v3,1111.13,1254.63,0.0
gfx950,256,512,16384,13312,torch.int8,15,0,191.2442,a8w8_rowwise_256x128x64x256_32x32_2x1_16x16x1_16x16x1_1x32x1x8_8x8x1_1x1_intrawave_v3,1167.82,1263.81,0.0
gfx950,256,512,16384,26624,torch.int8,15,0,365.7012,a8w8_rowwise_256x128x64x256_32x32_2x1_16x16x1_16x16x1_1x32x1x8_8x8x1_1x1_intrawave_v3,1221.43,1275.95,0.0
gfx950,256,1024,16384,2048,torch.int8,1,0,61.8687,a8w8_rowwise_256x256x256x128_32x32_4x4_8x32x1_8x32x1_1x32x1x8_8x8x1_1x1_intrawave_v3,1110.73,1118.59,0.0
gfx950,256,1024,16384,4096,torch.int8,1,0,108.4683,a8w8_rowwise_256x256x256x128_32x32_4x4_8x32x1_8x32x1_1x32x1x8_8x8x1_1x1_intrawave_v3,1267.09,966.71,0.0
gfx950,256,1024,16384,6656,torch.int8,1,0,165.4754,a8w8_rowwise_256x256x256x128_32x32_4x4_8x32x1_8x32x1_1x32x1x8_8x8x1_1x1_intrawave_v3,1349.68,902.99,0.0
gfx950,256,1024,16384,8192,torch.int8,1,0,202.2384,a8w8_rowwise_256x256x256x128_32x32_4x4_8x32x1_8x32x1_1x32x1x8_8x8x1_1x1_intrawave_v3,1359.18,871.05,0.0
gfx950,256,1024,16384,13312,torch.int8,1,0,307.7016,a8w8_rowwise_256x256x256x128_32x32_4x4_8x32x1_8x32x1_1x32x1x8_8x8x1_1x1_intrawave_v3,1451.66,862.17,0.0
gfx950,256,1024,16384,26624,torch.int8,1,0,603.8507,a8w8_rowwise_256x256x256x128_32x32_4x4_8x32x1_8x32x1_1x32x1x8_8x8x1_1x1_intrawave_v3,1479.43,823.09,0.0
gfx950,256,2048,16384,2048,torch.int8,1,0,109.435,a8w8_rowwise_256x256x256x128_32x32_4x4_8x32x1_8x32x1_1x32x1x8_8x8x1_1x1_intrawave_v3,1255.9,958.17,0.0
gfx950,256,2048,16384,4096,torch.int8,1,0,192.1657,a8w8_rowwise_256x256x256x128_32x32_4x4_8x32x1_8x32x1_1x32x1x8_8x8x1_1x1_intrawave_v3,1430.42,742.1,0.0
gfx950,256,2048,16384,6656,torch.int8,1,0,297.4271,a8w8_rowwise_256x256x256x128_32x32_4x4_8x32x1_8x32x1_1x32x1x8_8x8x1_1x1_intrawave_v3,1501.8,638.11,0.0
gfx950,256,2048,16384,8192,torch.int8,1,0,351.3779,a8w8_rowwise_256x256x256x128_32x32_4x4_8x32x1_8x32x1_1x32x1x8_8x8x1_1x1_intrawave_v3,1564.57,620.71,0.0
gfx950,256,2048,16384,13312,torch.int8,1,0,562.4285,a8w8_rowwise_256x256x256x128_32x32_4x4_8x32x1_8x32x1_1x32x1x8_8x8x1_1x1_intrawave_v3,1588.39,555.58,0.0
gfx950,256,2048,16384,26624,torch.int8,1,0,1159.8861,a8w8_rowwise_256x256x256x128_32x32_4x4_8x32x1_8x32x1_1x32x1x8_8x8x1_1x1_intrawave_v3,1540.42,480.95,0.0
gfx950,256,4096,16384,2048,torch.int8,1,0,205.0841,a8w8_rowwise_256x256x256x128_32x32_4x4_8x32x1_8x32x1_1x32x1x8_8x8x1_1x1_intrawave_v3,1340.32,858.97,0.0
gfx950,256,4096,16384,4096,torch.int8,39,0,353.73,a8w8_rowwise_256x224x256x128_16x16_7x8_8x32x1_8x32x1_1x32x1x8_8x8x1_1x2_intrawave_v3,1554.17,616.58,0.0
gfx950,256,4096,16384,6656,torch.int8,39,0,561.0198,a8w8_rowwise_256x224x256x128_16x16_7x8_8x32x1_8x32x1_1x32x1x8_8x8x1_1x2_intrawave_v3,1592.37,482.22,0.0
gfx950,256,4096,16384,8192,torch.int8,39,0,657.0519,a8w8_rowwise_256x224x256x128_16x16_7x8_8x32x1_8x32x1_1x32x1x8_8x8x1_1x2_intrawave_v3,1673.4,459.61,0.0
gfx950,256,4096,16384,13312,torch.int8,1,0,1080.1678,a8w8_rowwise_256x256x256x128_32x32_4x4_8x32x1_8x32x1_1x32x1x8_8x8x1_1x1_intrawave_v3,1654.1,376.65,0.0
gfx950,256,4096,16384,26624,torch.int8,1,0,2197.8702,a8w8_rowwise_256x256x256x128_32x32_4x4_8x32x1_8x32x1_1x32x1x8_8x8x1_1x1_intrawave_v3,1625.85,309.15,0.0
gfx950,256,8192,16384,2048,torch.int8,39,0,392.4492,a8w8_rowwise_256x224x256x128_16x16_7x8_8x32x1_8x32x1_1x32x1x8_8x8x1_1x2_intrawave_v3,1400.83,812.25,0.0
gfx950,256,8192,16384,4096,torch.int8,39,0,678.4652,a8w8_rowwise_256x224x256x128_16x16_7x8_8x32x1_8x32x1_1x32x1x8_8x8x1_1x2_intrawave_v3,1620.59,544.02,0.0
gfx950,256,8192,16384,6656,torch.int8,39,0,1094.0621,a8w8_rowwise_256x224x256x128_16x16_7x8_8x32x1_8x32x1_1x32x1x8_8x8x1_1x2_intrawave_v3,1633.09,394.87,0.0
gfx950,256,8192,16384,8192,torch.int8,1,0,1288.1354,a8w8_rowwise_256x256x256x128_32x32_4x4_8x32x1_8x32x1_1x32x1x8_8x8x1_1x1_intrawave_v3,1707.14,364.68,0.0
gfx950,256,8192,16384,13312,torch.int8,1,0,2091.5748,a8w8_rowwise_256x256x256x128_32x32_4x4_8x32x1_8x32x1_1x32x1x8_8x8x1_1x1_intrawave_v3,1708.48,284.76,0.0
gfx950,256,8192,16384,26624,torch.int8,1,0,4736.0103,a8w8_rowwise_256x256x256x128_32x32_4x4_8x32x1_8x32x1_1x32x1x8_8x8x1_1x1_intrawave_v3,1509.04,194.84,0.0
gfx950,256,16384,16384,2048,torch.int8,1,0,719.1952,a8w8_rowwise_256x256x256x128_32x32_4x4_8x32x1_8x32x1_1x32x1x8_8x8x1_1x1_intrawave_v3,1528.81,839.8,0.0
gfx950,256,16384,16384,4096,torch.int8,39,0,1327.6342,a8w8_rowwise_256x224x256x128_16x16_7x8_8x32x1_8x32x1_1x32x1x8_8x8x1_1x2_intrawave_v3,1656.35,505.48,0.0
gfx950,256,16384,16384,6656,torch.int8,39,0,2120.7951,a8w8_rowwise_256x224x256x128_16x16_7x8_8x32x1_8x32x1_1x32x1x8_8x8x1_1x2_intrawave_v3,1684.94,355.99,0.0
gfx950,256,16384,16384,8192,torch.int8,1,0,2555.2385,a8w8_rowwise_256x256x256x128_32x32_4x4_8x32x1_8x32x1_1x32x1x8_8x8x1_1x1_intrawave_v3,1721.19,315.16,0.0
gfx950,256,16384,16384,13312,torch.int8,1,0,4157.4955,a8w8_rowwise_256x256x256x128_32x32_4x4_8x32x1_8x32x1_1x32x1x8_8x8x1_1x1_intrawave_v3,1719.02,234.05,0.0
gfx950,256,16384,16384,26624,torch.int8,1,0,9368.503,a8w8_rowwise_256x256x256x128_32x32_4x4_8x32x1_8x32x1_1x32x1x8_8x8x1_1x1_intrawave_v3,1525.71,150.43,0.0
gfx950,256,32768,16384,2048,torch.int8,1,0,1409.7173,a8w8_rowwise_256x256x256x128_32x32_4x4_8x32x1_8x32x1_1x32x1x8_8x8x1_1x1_intrawave_v3,1559.9,833.08,0.0
gfx950,256,32768,16384,4096,torch.int8,39,0,2546.0869,a8w8_rowwise_256x224x256x128_16x16_7x8_8x32x1_8x32x1_1x32x1x8_8x8x1_1x2_intrawave_v3,1727.37,500.8,0.0
gfx950,256,32768,16384,6656,torch.int8,39,0,4073.3594,a8w8_rowwise_256x224x256x128_16x16_7x8_8x32x1_8x32x1_1x32x1x8_8x8x1_1x2_intrawave_v3,1754.53,343.92,0.0
gfx950,256,32768,16384,8192,torch.int8,39,0,4965.434,a8w8_rowwise_256x224x256x128_16x16_7x8_8x32x1_8x32x1_1x32x1x8_8x8x1_1x2_intrawave_v3,1771.47,297.33,0.0
gfx950,256,32768,16384,13312,torch.int8,1,0,8271.2663,a8w8_rowwise_256x256x256x128_32x32_4x4_8x32x1_8x32x1_1x32x1x8_8x8x1_1x1_intrawave_v3,1728.11,208.92,0.0
gfx950,256,32768,16384,26624,torch.int8,1,0,19064.3766,a8w8_rowwise_256x256x256x128_32x32_4x4_8x32x1_8x32x1_1x32x1x8_8x8x1_1x1_intrawave_v3,1499.51,124.96,0.0
gfx950,256,1,26624,16384,torch.int8,34,0,88.2574,a8w8_rowwise_256x16x64x512_16x16_1x1_32x8x1_32x8x1_1x16x1x16_4x4x1_1x1_intrawave_v3,9.88,4943.24,0.0
gfx950,256,16,26624,16384,torch.int8,30,0,86.8898,a8w8_rowwise_256x32x64x512_16x16_1x2_32x8x1_32x8x1_1x32x1x8_8x8x1_1x2_intrawave_v3,160.65,5033.06,0.0
gfx950,256,32,26624,16384,torch.int8,30,0,89.3239,a8w8_rowwise_256x32x64x512_16x16_1x2_32x8x1_32x8x1_1x32x1x8_8x8x1_1x2_intrawave_v3,312.54,4908.38,0.0
gfx950,256,64,26624,16384,torch.int8,23,0,91.2922,a8w8_rowwise_256x64x64x512_32x32_1x1_32x8x1_32x8x1_1x32x1x8_8x8x1_1x1_intrawave_v3,611.6,4826.96,0.0
gfx950,256,128,26624,16384,torch.int8,23,0,129.1529,a8w8_rowwise_256x64x64x512_32x32_1x1_32x8x1_32x8x1_1x32x1x8_8x8x1_1x1_intrawave_v3,864.63,3446.46,0.0
gfx950,256,256,26624,16384,torch.int8,23,0,206.2403,a8w8_rowwise_256x64x64x512_32x32_1x1_32x8x1_32x8x1_1x32x1x8_8x8x1_1x1_intrawave_v3,1082.9,2201.48,0.0
gfx950,256,512,26624,16384,torch.int8,15,0,349.3418,a8w8_rowwise_256x128x64x256_32x32_2x1_16x16x1_16x16x1_1x32x1x8_8x8x1_1x1_intrawave_v3,1278.62,1350.71,0.0
gfx950,256,1024,26624,16384,torch.int8,15,0,630.2527,a8w8_rowwise_256x128x64x256_32x32_2x1_16x16x1_16x16x1_1x32x1x8_8x8x1_1x1_intrawave_v3,1417.45,805.25,0.0
gfx950,256,2048,26624,16384,torch.int8,40,0,1145.701,a8w8_rowwise_256x256x224x128_16x16_8x7_8x32x1_8x32x1_1x64x1x4_8x8x1_2x1_intrawave_v3,1559.49,505.21,0.0
gfx950,256,4096,26624,16384,torch.int8,10,0,2199.7579,a8w8_rowwise_256x128x192x128_32x32_2x3_8x32x1_8x32x1_1x32x1x8_8x8x1_1x1_intrawave_v3,1624.46,327.95,0.0
gfx950,256,8192,26624,16384,torch.int8,40,0,4074.1172,a8w8_rowwise_256x256x224x128_16x16_8x7_8x32x1_8x32x1_1x64x1x4_8x8x1_2x1_intrawave_v3,1754.2,247.08,0.0
gfx950,256,16384,26624,16384,torch.int8,40,0,8090.2903,a8w8_rowwise_256x256x224x128_16x16_8x7_8x32x1_8x32x1_1x64x1x4_8x8x1_2x1_intrawave_v3,1766.77,194.93,0.0
gfx950,256,32768,26624,16384,torch.int8,40,0,16029.2644,a8w8_rowwise_256x256x224x128_16x16_8x7_8x32x1_8x32x1_1x64x1x4_8x8x1_2x1_intrawave_v3,1783.44,169.56,0.0
gfx950,256,16,28672,8192,torch.float8_e4m3fn,30,0,46.9441,a8w8_rowwise_256x32x64x512_16x16_1x2_32x8x1_32x8x1_1x32x1x8_8x8x1_1x2_intrawave_v3,160.11,5025.76,0.0
gfx950,256,32,28672,8192,torch.float8_e4m3fn,23,0,47.2467,a8w8_rowwise_256x64x64x512_32x32_1x1_32x8x1_32x8x1_1x32x1x8_8x8x1_1x1_intrawave_v3,318.17,5015.76,0.0
gfx950,256,64,28672,8192,torch.float8_e4m3fn,23,0,52.7168,a8w8_rowwise_256x64x64x512_32x32_1x1_32x8x1_32x8x1_1x32x1x8_8x8x1_1x1_intrawave_v3,570.31,4535.09,0.0
gfx950,256,128,28672,8192,torch.float8_e4m3fn,41,0,60.0008,a8w8_rowwise_256x128x128x128_32x32_2x2_8x32x1_8x32x1_1x32x1x8_8x8x1_1x1_intrawave_v5,1002.15,4054.44,0.0
gfx950,256,256,28672,8192,torch.float8_e4m3fn,4,0,80.7001,a8w8_rowwise_256x256x160x128_32x32_2x5_8x32x1_8x32x1_1x64x1x4_8x8x1_2x1_intrawave_v3,1490.2,3118.44,0.0
gfx950,256,1,51200,5120,torch.int8,30,0,50.042,a8w8_rowwise_256x32x64x512_16x16_1x2_32x8x1_32x8x1_1x32x1x8_8x8x1_1x2_intrawave_v3,10.48,5240.63,0.0
gfx950,256,16,51200,5120,torch.int8,30,0,51.7349,a8w8_rowwise_256x32x64x512_16x16_1x2_32x8x1_32x8x1_1x32x1x8_8x8x1_1x2_intrawave_v3,162.15,5100.32,0.0
gfx950,256,32,51200,5120,torch.int8,30,0,53.9026,a8w8_rowwise_256x32x64x512_16x16_1x2_32x8x1_32x8x1_1x32x1x8_8x8x1_1x2_intrawave_v3,311.25,4927.12,0.0
gfx950,256,64,51200,5120,torch.int8,23,0,61.5287,a8w8_rowwise_256x64x64x512_32x32_1x1_32x8x1_32x8x1_1x32x1x8_8x8x1_1x1_intrawave_v3,545.35,4372.35,0.0
gfx950,256,128,51200,5120,torch.int8,23,0,82.0559,a8w8_rowwise_256x64x64x512_32x32_1x1_32x8x1_32x8x1_1x32x1x8_8x8x1_1x1_intrawave_v3,817.84,3362.42,0.0
gfx950,256,256,51200,5120,torch.int8,40,0,120.9285,a8w8_rowwise_256x256x224x128_16x16_8x7_8x32x1_8x32x1_1x64x1x4_8x8x1_2x1_intrawave_v3,1109.89,2395.38,0.0
gfx950,256,512,51200,5120,torch.int8,40,0,223.8159,a8w8_rowwise_256x256x224x128_16x16_8x7_8x32x1_8x32x1_1x64x1x4_8x8x1_2x1_intrawave_v3,1199.36,1417.21,0.0
gfx950,256,1024,51200,5120,torch.int8,39,0,396.7395,a8w8_rowwise_256x224x256x128_16x16_7x8_8x32x1_8x32x1_1x32x1x8_8x8x1_1x2_intrawave_v3,1353.21,938.26,0.0
gfx950,256,2048,51200,5120,torch.int8,39,0,756.332,a8w8_rowwise_256x224x256x128_16x16_7x8_8x32x1_8x32x1_1x32x1x8_8x8x1_1x2_intrawave_v3,1419.67,637.74,0.0
gfx950,256,4096,51200,5120,torch.int8,1,0,1418.8126,a8w8_rowwise_256x256x256x128_32x32_4x4_8x32x1_8x32x1_1x32x1x8_8x8x1_1x1_intrawave_v3,1513.58,495.16,0.0
gfx950,256,8192,51200,5120,torch.int8,1,0,2639.7599,a8w8_rowwise_256x256x256x128_32x32_4x4_8x32x1_8x32x1_1x32x1x8_8x8x1_1x1_intrawave_v3,1627.03,432.97,0.0
gfx950,256,16384,51200,5120,torch.int8,1,0,5290.8019,a8w8_rowwise_256x256x256x128_32x32_4x4_8x32x1_8x32x1_1x32x1x8_8x8x1_1x1_intrawave_v3,1623.56,382.5,0.0
gfx950,256,1,53248,16384,torch.int8,57,0,170.1222,a8w8_rowwise_128x32x16x128_16x16_1x1_8x16x1_8x16x1_1x16x1x8_2x2x1_1x1_intrawave_v2,10.26,5128.89,0.0
gfx950,256,16,53248,16384,torch.int8,34,0,180.7857,a8w8_rowwise_256x16x64x512_16x16_1x1_32x8x1_32x8x1_1x16x1x16_4x4x1_1x1_intrawave_v3,154.42,4836.56,0.0
gfx950,256,32,53248,16384,torch.int8,34,0,168.8762,a8w8_rowwise_256x16x64x512_16x16_1x1_32x8x1_32x8x1_1x16x1x16_4x4x1_1x1_intrawave_v3,330.62,5189.29,0.0
gfx950,256,64,53248,16384,torch.int8,23,0,184.3385,a8w8_rowwise_256x64x64x512_32x32_1x1_32x8x1_32x8x1_1x32x1x8_8x8x1_1x1_intrawave_v3,605.78,4775.34,0.0
gfx950,256,128,53248,16384,torch.int8,23,0,230.1893,a8w8_rowwise_256x64x64x512_32x32_1x1_32x8x1_32x8x1_1x32x1x8_8x8x1_1x1_intrawave_v3,970.24,3858.32,0.0
gfx950,256,256,53248,16384,torch.int8,40,0,368.0253,a8w8_rowwise_256x256x224x128_16x16_8x7_8x32x1_8x32x1_1x64x1x4_8x8x1_2x1_intrawave_v3,1213.71,2456.01,0.0
gfx950,256,512,53248,16384,torch.int8,15,0,651.6344,a8w8_rowwise_256x128x64x256_32x32_2x1_16x16x1_16x16x1_1x32x1x8_8x8x1_1x1_intrawave_v3,1370.94,1435.36,0.0
gfx950,256,1024,53248,16384,torch.int8,40,0,1195.3563,a8w8_rowwise_256x256x224x128_16x16_8x7_8x32x1_8x32x1_1x64x1x4_8x8x1_2x1_intrawave_v3,1494.71,835.1,0.0
gfx950,256,2048,53248,16384,torch.int8,1,0,2196.6099,a8w8_rowwise_256x256x256x128_32x32_4x4_8x32x1_8x32x1_1x32x1x8_8x8x1_1x1_intrawave_v3,1626.79,511.73,0.0
gfx950,256,4096,53248,16384,torch.int8,1,0,4075.2597,a8w8_rowwise_256x256x256x128_32x32_4x4_8x32x1_8x32x1_1x32x1x8_8x8x1_1x1_intrawave_v3,1753.71,337.58,0.0
gfx950,256,8192,53248,16384,torch.int8,40,0,8028.0784,a8w8_rowwise_256x256x224x128_16x16_8x7_8x32x1_8x32x1_1x64x1x4_8x8x1_2x1_intrawave_v3,1780.46,234.06,0.0
gfx950,256,16384,53248,16384,torch.int8,40,0,15996.8357,a8w8_rowwise_256x256x224x128_16x16_8x7_8x32x1_8x32x1_1x64x1x4_8x8x1_2x1_intrawave_v3,1787.06,180.39,0.0
gfx950,256,1,57344,8192,torch.int8,76,0,88.899,a8w8_rowwise_128x32x16x128_16x16_1x1_8x16x1_8x16x1_1x16x1x8_2x2x1_1x1_interwave_v2,10.57,5285.6,0.0
gfx950,256,16,57344,8192,torch.float8_e4m3fn,69,2,92.3442,a8w8_rowwise_128x16x32x128_16x16_1x1_8x16x1_8x16x1_1x16x1x8_4x4x1_1x1_interwave_v1,162.79,5108.37,0.1072
gfx950,256,16,57344,8192,torch.int8,80,0,90.9234,a8w8_rowwise_128x16x64x128_16x16_1x2_8x16x1_8x16x1_1x16x1x8_4x4x1_1x1_interwave_v2,165.33,5188.19,0.0
gfx950,256,32,57344,8192,torch.float8_e4m3fn,62,0,92.8953,a8w8_rowwise_128x32x64x128_32x32_1x1_8x16x1_8x16x1_1x16x1x8_8x8x1_1x1_intrawave_v2,323.64,5099.23,0.0
gfx950,256,32,57344,8192,torch.int8,81,0,93.0943,a8w8_rowwise_128x32x64x128_32x32_1x1_8x16x1_8x16x1_1x16x1x8_8x8x1_1x1_interwave_v2,322.95,5088.33,0.0
gfx950,256,64,57344,8192,torch.float8_e4m3fn,17,0,98.9474,a8w8_rowwise_256x64x224x128_16x16_2x7_8x32x1_8x32x1_1x64x1x4_8x8x1_2x1_intrawave_v3,607.69,4827.07,0.0
gfx950,256,64,57344,8192,torch.int8,46,0,99.6635,a8w8_rowwise_256x64x128x128_32x32_1x2_8x32x1_8x32x1_1x32x1x8_8x8x1_1x1_intrawave_v3,603.33,4792.39,0.0
gfx950,256,128,57344,8192,torch.float8_e4m3fn,35,0,111.2293,a8w8_rowwise_256x128x128x128_32x32_2x2_8x32x1_8x32x1_1x32x1x8_8x8x1_1x1_intrawave_v4,1081.18,4364.77,0.0
gfx950,256,128,57344,8192,torch.int8,13,0,108.1045,a8w8_rowwise_256x128x128x128_32x32_2x2_8x32x1_8x32x1_1x32x1x8_8x8x1_1x1_intrawave_v3,1112.43,4490.94,0.0
gfx950,256,256,57344,8192,torch.float8_e4m3fn,2,0,140.7498,a8w8_rowwise_256x256x224x128_32x32_2x7_8x32x1_8x32x1_1x64x1x4_8x8x1_2x1_intrawave_v3,1708.83,3561.07,0.0
gfx950,256,256,57344,8192,torch.int8,2,0,135.372,a8w8_rowwise_256x256x224x128_32x32_2x7_8x32x1_8x32x1_1x64x1x4_8x8x1_2x1_intrawave_v3,1776.72,3702.53,0.0
gfx950,256,512,57344,8192,torch.int8,2,0,233.9286,a8w8_rowwise_256x256x224x128_32x32_2x7_8x32x1_8x32x1_1x64x1x4_8x8x1_2x1_intrawave_v3,2056.34,2277.09,0.0
gfx950,256,1024,57344,8192,torch.int8,2,0,438.8629,a8w8_rowwise_256x256x224x128_32x32_2x7_8x32x1_8x32x1_1x64x1x4_8x8x1_2x1_intrawave_v3,2192.19,1357.12,0.0
gfx950,256,2048,57344,8192,torch.int8,1,0,814.7053,a8w8_rowwise_256x256x256x128_32x32_4x4_8x32x1_8x32x1_1x32x1x8_8x8x1_1x1_intrawave_v3,2361.77,885.5,0.0
gfx950,256,4096,57344,8192,torch.int8,1,0,1617.8989,a8w8_rowwise_256x256x256x128_32x32_4x4_8x32x1_8x32x1_1x32x1x8_8x8x1_1x1_intrawave_v3,2378.57,601.45,0.0
gfx950,256,8192,57344,8192,torch.int8,1,0,3164.0659,a8w8_rowwise_256x256x256x128_32x32_4x4_8x32x1_8x32x1_1x32x1x8_8x8x1_1x1_intrawave_v3,2432.5,466.61,0.0
gfx950,256,16384,57344,8192,torch.int8,1,0,6467.762,a8w8_rowwise_256x256x256x128_32x32_4x4_8x32x1_8x32x1_1x32x1x8_8x8x1_1x1_intrawave_v3,2379.98,383.91,0.0
gfx950,256,128,105984,128,torch.float8_e4m3fn,44,0,15.537,a8w8_rowwise_256x128x128x128_32x32_2x2_8x32x1_8x32x1_1x32x1x8_8x8x1_1x1_interwave_v1,223.52,2620.47,0.0
gfx950,256,128,207616,128,torch.float8_e4m3fn,44,0,25.7878,a8w8_rowwise_256x128x128x128_32x32_2x2_8x32x1_8x32x1_1x32x1x8_8x8x1_1x1_interwave_v1,263.81,3092.2,0.0
gfx950,256,128,270080,128,torch.float8_e4m3fn,44,0,32.2348,a8w8_rowwise_256x128x128x128_32x32_2x2_8x32x1_8x32x1_1x32x1x8_8x8x1_1x1_interwave_v1,274.55,3217.86,0.0
gfx950,256,128,430336,128,torch.float8_e4m3fn,44,0,46.5205,a8w8_rowwise_256x128x128x128_32x32_2x2_8x32x1_8x32x1_1x32x1x8_8x8x1_1x1_interwave_v1,303.12,3552.53,0.0
gfx950,256,128,450560,128,torch.float8_e4m3fn,44,0,48.3917,a8w8_rowwise_256x128x128x128_32x32_2x2_8x32x1_8x32x1_1x32x1x8_8x8x1_1x1_interwave_v1,305.09,3575.64,0.0
gfx950,256,128,452352,128,torch.float8_e4m3fn,44,0,49.0249,a8w8_rowwise_256x128x128x128_32x32_2x2_8x32x1_8x32x1_1x32x1x8_8x8x1_1x1_interwave_v1,302.35,3543.5,0.0
gfx950,256,128,691968,128,torch.float8_e4m3fn,44,0,71.2418,a8w8_rowwise_256x128x128x128_32x32_2x2_8x32x1_8x32x1_1x32x1x8_8x8x1_1x1_interwave_v1,318.27,3730.0,0.0
gfx950,256,128,772736,128,torch.float8_e4m3fn,44,0,79.0658,a8w8_rowwise_256x128x128x128_32x32_2x2_8x32x1_8x32x1_1x32x1x8_8x8x1_1x1_interwave_v1,320.25,3753.17,0.0
gfx950,256,128,855424,128,torch.float8_e4m3fn,44,0,86.4286,a8w8_rowwise_256x128x128x128_32x32_2x2_8x32x1_8x32x1_1x32x1x8_8x8x1_1x1_interwave_v1,324.32,3800.82,0.0
gfx950,256,128,911744,128,torch.float8_e4m3fn,44,0,91.8719,a8w8_rowwise_256x128x128x128_32x32_2x2_8x32x1_8x32x1_1x32x1x8_8x8x1_1x1_interwave_v1,325.19,3811.02,0.0
gfx908,120,7,2048,5120,torch.int8,49,3,19.16,a8w8_rowwise_64x16x16x128_16x16_1x1_8x8x1_8x8x1_1x16x1x4_4x4x1_1x1_intrawave_v1,7.66,549.1,Null
gfx908,120,7,5120,1536,torch.int8,58,0,14.816,a8w8_rowwise_64x16x16x64_16x16_1x1_4x16x1_4x16x1_1x16x1x4_4x4x1_1x1_intrawave_v2,7.43,531.5,Null
gfx908,120,7,8704,5120,torch.int8,32,1,86.496,a8w8_rowwise_256x16x192x256_16x16_1x3_16x16x1_16x16x1_1x16x1x16_4x4x1_1x1_intrawave_v3,7.21,515.6,Null
gfx908,120,7,5120,4352,torch.int8,31,2,43.456,a8w8_rowwise_256x16x256x128_16x16_1x4_16x16x1_8x32x1_1x16x1x16_8x8x1_1x2_intrawave_v3,7.18,513.5,Null
gfx908,120,7,62080,5120,torch.int8,31,0,847.882,a8w8_rowwise_256x16x256x128_16x16_1x4_16x16x1_8x32x1_1x16x1x16_8x8x1_1x2_intrawave_v3,5.25,374.9,Null
gfx908,120,7,5120,1024,torch.int8,59,0,15.072,a8w8_rowwise_64x16x16x128_16x16_1x1_8x8x1_8x8x1_1x16x1x4_4x4x1_1x1_intrawave_v2,4.87,348.3,Null
gfx908,120,7,256,5120,torch.int8,76,2,17.528,a8w8_rowwise_128x32x16x128_16x16_1x1_8x16x1_8x16x1_1x16x1x8_2x2x1_1x1_interwave_v2,1.05,76.8,Null
gfx908,120,14,2048,5120,torch.int8,50,3,21.12,a8w8_rowwise_128x16x32x128_16x16_1x1_8x16x1_8x16x1_1x16x1x8_4x4x1_1x1_intrawave_v1,13.9,499.9,Null
gfx908,120,14,5120,1536,torch.int8,59,0,15.208,a8w8_rowwise_64x16x16x128_16x16_1x1_8x8x1_8x8x1_1x16x1x4_4x4x1_1x1_intrawave_v2,14.48,518.5,Null
gfx908,120,14,8704,5120,torch.int8,32,1,86.456,a8w8_rowwise_256x16x192x256_16x16_1x3_16x16x1_16x16x1_1x16x1x16_4x4x1_1x1_intrawave_v3,14.43,516.3,Null
gfx908,120,14,5120,4352,torch.int8,59,0,41.576,a8w8_rowwise_64x16x16x128_16x16_1x1_8x8x1_8x8x1_1x16x1x4_4x4x1_1x1_intrawave_v2,15.01,537.4,Null
gfx908,120,14,62080,5120,torch.int8,63,0,882.939,a8w8_rowwise_128x16x128x128_16x16_1x4_8x16x1_8x16x1_1x16x1x8_4x4x1_1x1_interwave_v2,10.08,360.1,Null
gfx908,120,14,5120,1024,torch.int8,50,0,14.944,a8w8_rowwise_128x16x32x128_16x16_1x1_8x16x1_8x16x1_1x16x1x8_4x4x1_1x1_intrawave_v1,9.82,351.8,Null
gfx908,120,14,256,5120,torch.int8,68,2,16.896,a8w8_rowwise_64x16x16x128_16x16_1x1_8x8x1_8x8x1_1x16x1x4_4x4x1_1x1_interwave_v1,2.17,81.8,Null
gfx908,120,21,2048,5120,torch.int8,67,2,27.04,a8w8_rowwise_128x32x16x128_16x16_1x1_8x16x1_8x16x1_1x16x1x8_2x2x1_1x1_interwave_v1,16.29,391.8,Null
gfx908,120,21,5120,1536,torch.int8,30,0,18.152,a8w8_rowwise_256x32x64x512_16x16_1x2_32x8x1_32x8x1_1x32x1x8_8x8x1_1x2_intrawave_v3,18.2,435.0,Null
gfx908,120,21,8704,5120,torch.int8,67,0,100.352,a8w8_rowwise_128x32x16x128_16x16_1x1_8x16x1_8x16x1_1x16x1x8_2x2x1_1x1_interwave_v1,18.65,445.2,Null
gfx908,120,21,5120,4352,torch.int8,28,1,52.88,a8w8_rowwise_256x32x128x256_32x32_1x1_16x16x1_16x16x1_1x32x1x8_8x8x1_1x1_intrawave_v3,17.7,423.1,Null
gfx908,120,21,62080,5120,torch.int8,66,1,943.715,a8w8_rowwise_256x32x256x128_32x32_1x2_8x32x1_8x32x1_1x16x1x16_8x8x1_1x1_intrawave_v2,14.15,336.9,Null
gfx908,120,21,5120,1024,torch.int8,48,0,14.832,a8w8_rowwise_128x32x16x128_16x16_1x1_8x16x1_8x16x1_1x16x1x8_2x2x1_1x1_intrawave_v1,14.85,354.9,Null
gfx908,120,21,256,5120,torch.int8,61,3,17.112,a8w8_rowwise_128x16x64x128_16x16_1x2_8x16x1_8x16x1_1x16x1x8_4x4x1_1x1_intrawave_v2,3.22,82.9,Null
gfx908,120,28,2048,5120,torch.int8,29,2,28.44,a8w8_rowwise_256x32x96x256_16x16_1x3_16x16x1_16x16x1_1x32x1x8_4x4x1_1x1_intrawave_v3,20.65,373.7,Null
gfx908,120,28,5120,1536,torch.int8,30,0,18.968,a8w8_rowwise_256x32x64x512_16x16_1x2_32x8x1_32x8x1_1x32x1x8_8x8x1_1x2_intrawave_v3,23.22,416.9,Null
gfx908,120,28,8704,5120,torch.int8,67,0,101.776,a8w8_rowwise_128x32x16x128_16x16_1x1_8x16x1_8x16x1_1x16x1x8_2x2x1_1x1_interwave_v1,24.52,439.3,Null
gfx908,120,28,5120,4352,torch.int8,66,2,55.744,a8w8_rowwise_256x32x256x128_32x32_1x2_8x32x1_8x32x1_1x16x1x16_8x8x1_1x1_intrawave_v2,22.38,401.9,Null
gfx908,120,28,62080,5120,torch.int8,66,0,990.227,a8w8_rowwise_256x32x256x128_32x32_1x2_8x32x1_8x32x1_1x16x1x16_8x8x1_1x1_intrawave_v2,17.98,321.1,Null
gfx908,120,28,5120,1024,torch.int8,67,0,15.608,a8w8_rowwise_128x32x16x128_16x16_1x1_8x16x1_8x16x1_1x16x1x8_2x2x1_1x1_interwave_v1,18.81,337.7,Null
gfx908,120,28,256,5120,torch.int8,75,3,16.92,a8w8_rowwise_128x64x16x128_16x16_2x1_8x16x1_8x16x1_1x16x1x8_2x2x1_1x1_interwave_v2,4.34,85.9,Null
gfx908,120,35,2048,5120,torch.int8,47,3,35.704,a8w8_rowwise_256x64x64x128_32x32_1x1_8x32x1_8x32x1_1x32x1x8_8x8x1_1x1_intrawave_v3,20.56,298.7,Null
gfx908,120,35,5120,1536,torch.int8,68,0,23.936,a8w8_rowwise_64x16x16x128_16x16_1x1_8x8x1_8x8x1_1x16x1x4_4x4x1_1x1_interwave_v1,23.0,330.8,Null
gfx908,120,35,8704,5120,torch.int8,18,1,128.0,a8w8_rowwise_256x64x192x256_32x32_1x3_16x16x1_16x16x1_1x32x1x8_8x8x1_1x1_intrawave_v3,24.37,349.6,Null
gfx908,120,35,5120,4352,torch.int8,19,2,61.112,a8w8_rowwise_256x64x192x128_32x32_1x3_8x32x1_8x32x1_1x32x1x8_8x8x1_1x1_intrawave_v3,25.52,367.1,Null
gfx908,120,35,62080,5120,torch.int8,18,0,1187.076,a8w8_rowwise_256x64x192x256_32x32_1x3_16x16x1_16x16x1_1x32x1x8_8x8x1_1x1_intrawave_v3,18.74,267.9,Null
gfx908,120,35,5120,1024,torch.int8,68,0,18.024,a8w8_rowwise_64x16x16x128_16x16_1x1_8x8x1_8x8x1_1x16x1x4_4x4x1_1x1_interwave_v1,20.36,292.9,Null
gfx908,120,35,256,5120,torch.int8,75,2,16.968,a8w8_rowwise_128x64x16x128_16x16_2x1_8x16x1_8x16x1_1x16x1x8_2x2x1_1x1_interwave_v2,5.41,87.8,Null
gfx908,120,42,2048,5120,torch.int8,47,3,36.504,a8w8_rowwise_256x64x64x128_32x32_1x1_8x32x1_8x32x1_1x32x1x8_8x8x1_1x1_intrawave_v3,24.13,293.1,Null
gfx908,120,42,8704,5120,torch.int8,19,1,132.528,a8w8_rowwise_256x64x192x128_32x32_1x3_8x32x1_8x32x1_1x32x1x8_8x8x1_1x1_intrawave_v3,28.25,337.9,Null
gfx908,120,42,5120,4352,torch.int8,19,2,62.144,a8w8_rowwise_256x64x192x128_32x32_1x3_8x32x1_8x32x1_1x32x1x8_8x8x1_1x1_intrawave_v3,30.12,361.5,Null
gfx908,120,42,62080,5120,torch.int8,18,0,1232.652,a8w8_rowwise_256x64x192x256_32x32_1x3_16x16x1_16x16x1_1x32x1x8_8x8x1_1x1_intrawave_v3,21.66,258.0,Null
gfx908,120,42,5120,1024,torch.int8,68,0,18.064,a8w8_rowwise_64x16x16x128_16x16_1x1_8x8x1_8x8x1_1x16x1x4_4x4x1_1x1_interwave_v1,24.38,292.6,Null
gfx908,120,42,256,5120,torch.int8,76,3,17.064,a8w8_rowwise_128x32x16x128_16x16_1x1_8x16x1_8x16x1_1x16x1x8_2x2x1_1x1_interwave_v2,6.45,89.4,Null
gfx908,120,49,2048,5120,torch.int8,47,3,37.144,a8w8_rowwise_256x64x64x128_32x32_1x1_8x32x1_8x32x1_1x32x1x8_8x8x1_1x1_intrawave_v3,27.67,289.1,Null
gfx908,120,49,5120,1536,torch.int8,23,0,27.176,a8w8_rowwise_256x64x64x512_32x32_1x1_32x8x1_32x8x1_1x32x1x8_8x8x1_1x1_intrawave_v3,28.36,292.2,Null
gfx908,120,49,8704,5120,torch.int8,19,1,133.552,a8w8_rowwise_256x64x192x128_32x32_1x3_8x32x1_8x32x1_1x32x1x8_8x8x1_1x1_intrawave_v3,32.7,335.6,Null
gfx908,120,49,5120,4352,torch.int8,23,0,68.024,a8w8_rowwise_256x64x64x512_32x32_1x1_32x8x1_32x8x1_1x32x1x8_8x8x1_1x1_intrawave_v3,32.1,330.7,Null
gfx908,120,49,62080,5120,torch.int8,18,0,1288.268,a8w8_rowwise_256x64x192x256_32x32_1x3_16x16x1_16x16x1_1x32x1x8_8x8x1_1x1_intrawave_v3,24.18,246.9,Null
gfx908,120,49,5120,1024,torch.int8,47,0,19.72,a8w8_rowwise_256x64x64x128_32x32_1x1_8x32x1_8x32x1_1x32x1x8_8x8x1_1x1_intrawave_v3,26.05,268.4,Null
gfx908,120,49,256,5120,torch.int8,73,3,16.928,a8w8_rowwise_128x128x16x128_16x16_4x1_8x16x1_8x16x1_1x16x1x8_2x2x1_1x1_interwave_v2,7.59,92.2,Null
